"player","position","season","Team","GP","TOI","G","A1","A2","Points","iSF","iFF","iCF","ixG","Sh_perc","F_Sh_perc","xFSH_perc","iBLK","iHF","iHA","GIVE","TAKE","iPENT2","iPEND2","iPENT5","iPEND5","FOW","FOL","FO_diff"
"AARON.EKBLAD","D","20182019","FLA",45,832.72,4,1,7,12,76,97,132,3.32,5.26,4.12,3.42,21,59,59,54,20,5,2,0,0,0,0,0
"ADAM.ERNE","F","20182019","T.B",33,320.93,4,4,4,12,34,55,74,3.66,11.76,7.27,6.65,9,69,27,5,7,6,2,0,0,6,5,1
"ADAM.GAUDETTE","F","20182019","VAN",32,276.5,3,1,2,6,23,36,52,2.3,13.04,8.33,6.39,6,31,32,4,4,5,8,0,0,80,104,-24
"ADAM.HENRIQUE","F","20182019","ANA",48,612.03,5,8,4,17,53,78,91,6.64,9.43,6.41,8.51,31,33,43,16,14,6,7,0,0,272,224,48
"ADAM.LARSSON","D","20182019","EDM",47,925.22,1,4,6,11,60,94,132,2.11,1.67,1.06,2.24,63,136,77,37,14,10,3,0,0,0,0,0
"ADAM.LOWRY","F","20182019","WPG",45,549.38,6,3,2,11,54,78,97,7.5,11.11,7.69,9.62,20,115,48,11,20,4,6,1,1,313,239,74
"ADAM.MCQUAID","D","20182019","NYR",23,347.55,0,1,1,2,5,19,34,0.41,0,0,2.16,39,57,21,8,2,5,2,1,1,0,0,0
"ADAM.PELECH","D","20182019","NYI",42,648.12,3,3,2,8,49,70,96,2.44,6.12,4.29,3.49,52,75,77,20,22,3,1,0,0,0,0,0
"ADRIAN.KEMPE","F","20182019","L.A",47,553.45,5,4,2,11,58,78,108,4.6,8.62,6.41,5.9,11,46,30,14,8,12,6,0,0,151,208,-57
"ALAN.QUINE","F","20182019","CGY",9,82.9,2,0,1,3,4,5,8,0.75,50,40,15,1,9,5,5,2,1,0,0,0,7,8,-1
"ALEC.MARTINEZ","D","20182019","L.A",34,592.53,3,3,3,9,34,52,78,2.38,8.82,5.77,4.58,67,43,43,40,7,2,4,0,0,0,0,0
"ALEKSANDER.BARKOV","F","20182019","FLA",45,740.68,9,9,4,22,86,118,130,7.56,10.47,7.63,6.41,29,13,66,30,51,1,23,0,0,425,380,45
"ALEX.BIEGA","D","20182019","VAN",14,207.05,0,1,2,3,31,43,63,0.82,0,0,1.91,7,38,31,8,0,3,1,0,0,0,0,0
"ALEX.CHIASSON","F","20182019","EDM",38,491.48,9,4,0,13,42,63,76,5.14,21.43,14.29,8.16,16,40,60,13,10,7,7,0,0,4,7,-3
"ALEX.DEBRINCAT","F","20182019","CHI",49,674.72,14,2,7,23,108,139,184,7.94,12.96,10.07,5.71,16,18,46,19,27,4,6,0,0,12,13,-1
"ALEX.EDLER","D","20182019","VAN",33,544.8,2,2,4,8,46,65,87,1.69,4.35,3.08,2.6,64,63,49,11,3,12,4,0,0,0,0,0
"ALEX.FORMENTON","F","20182019","OTT",9,100.43,1,0,0,1,16,22,25,1.48,6.25,4.55,6.73,6,11,15,5,4,3,6,0,0,1,2,-1
"ALEX.FORTIN","F","20182019","CHI",24,241.57,2,2,1,5,27,37,54,2.54,7.41,5.41,6.86,7,21,16,3,9,1,3,0,0,11,6,5
"ALEX.GALCHENYUK","F","20182019","ARI",36,447.28,3,2,5,10,39,59,77,4.7,7.69,5.08,7.97,12,20,35,13,16,6,8,0,0,120,111,9
"ALEX.GOLIGOSKI","D","20182019","ARI",40,653.08,2,4,5,11,34,53,87,1.43,5.88,3.77,2.7,50,28,56,27,11,1,3,0,0,0,0,0
"ALEX.IAFALLO","F","20182019","L.A",48,692.67,7,4,5,16,69,99,114,6.86,10.14,7.07,6.93,30,42,46,6,12,5,2,0,0,4,13,-9
"ALEX.KERFOOT","F","20182019","COL",43,503.83,4,8,2,14,50,64,79,4.73,8,6.25,7.39,18,8,51,11,9,11,6,0,0,162,126,36
"ALEX.KILLORN","F","20182019","T.B",48,543.5,7,8,1,16,82,116,157,7.85,8.54,6.03,6.77,9,52,44,14,11,10,6,0,0,1,3,-2
"ALEX.OVECHKIN","F","20182019","WSH",46,731.52,20,7,3,30,109,155,217,11.08,18.35,12.9,7.15,23,131,37,26,15,10,8,0,0,1,3,-2
"ALEX.PETROVIC","D","20182019","EDM",5,70.03,0,0,1,1,2,6,12,0.18,0,0,3,6,19,10,2,1,2,0,0,0,0,0,0
"ALEX.PETROVIC","D","20182019","FLA",26,405.77,0,0,1,1,37,54,81,1.12,0,0,2.07,33,82,41,19,6,7,3,0,0,0,0,0
"ALEX.PIETRANGELO","D","20182019","STL",35,633.13,4,2,6,12,58,83,127,2.42,6.9,4.82,2.92,56,25,48,22,13,5,8,0,0,0,0,0
"ALEX.RADULOV","F","20182019","DAL",38,592.18,9,10,6,25,71,100,144,6.33,12.68,9,6.33,35,40,44,35,21,16,11,0,0,2,6,-4
"ALEX.STEEN","F","20182019","STL",32,382.95,4,2,3,9,48,62,77,3.36,8.33,6.45,5.42,19,32,30,8,9,5,8,0,0,5,12,-7
"ALEX.TUCH","F","20182019","VGK",41,566.32,12,7,11,30,79,107,145,7.1,15.19,11.21,6.64,27,47,43,20,36,3,7,0,0,11,34,-23
"ALEX.WENNBERG","F","20182019","CBJ",46,552.53,0,7,5,12,37,49,59,3.84,0,0,7.84,24,19,28,20,12,2,0,0,0,193,193,0
"ANDERS.BJORK","F","20182019","BOS",20,217.57,1,1,1,3,15,24,33,1.46,6.67,4.17,6.08,11,9,16,9,11,1,1,0,0,1,0,1
"ANDERS.LEE","F","20182019","NYI",46,622.83,8,9,4,21,74,101,126,8.36,10.81,7.92,8.28,33,51,56,11,15,13,8,1,1,19,17,2
"ANDREAS.ATHANASIOU","F","20182019","DET",42,584.18,14,7,1,22,96,133,171,9.65,14.58,10.53,7.26,12,16,33,27,10,4,11,0,0,41,69,-28
"ANDREAS.JOHNSSON","F","20182019","TOR",41,465.25,8,5,5,18,54,74,89,5.06,14.81,10.81,6.84,22,31,50,10,16,6,7,0,0,6,7,-1
"ANDREAS.MARTINSEN","F","20182019","CHI",24,182.73,1,3,0,4,21,28,34,1.88,4.76,3.57,6.71,9,83,27,7,3,5,5,0,0,3,4,-1
"ANDRE.BURAKOVSKY","F","20182019","WSH",40,442.15,4,2,2,8,49,68,95,4.48,8.16,5.88,6.59,17,14,43,13,14,5,3,0,0,3,8,-5
"ANDREI.SVECHNIKOV","F","20182019","CAR",46,559.05,10,1,5,16,101,131,155,12.19,9.9,7.63,9.31,15,65,64,30,20,15,9,0,0,1,6,-5
"ANDREJ.SUSTR","D","20182019","ANA",5,58.6,0,0,0,0,6,7,9,0.08,0,0,1.14,7,3,4,0,0,2,0,0,0,0,0,0
"ANDREW.COGLIANO","F","20182019","ANA",46,529.45,2,6,2,10,57,79,93,5.2,3.51,2.53,6.58,12,43,30,15,13,5,10,0,0,6,9,-3
"ANDREW.COPP","F","20182019","WPG",34,358.33,3,3,4,10,37,46,63,4.36,8.11,6.52,9.48,8,34,27,13,11,0,3,0,0,57,39,18
"ANDREW.LADD","F","20182019","NYI",14,169.4,3,0,2,5,19,26,31,1.85,15.79,11.54,7.12,4,16,16,4,5,4,1,0,0,1,2,-1
"ANDREW.MACDONALD","D","20182019","PHI",26,397.08,0,1,3,4,28,44,65,1.18,0,0,2.68,39,18,41,12,1,4,2,0,0,0,0,0
"ANDREW.MANGIAPANE","F","20182019","CGY",10,103.08,0,0,1,1,8,12,17,0.85,0,0,7.08,3,11,14,2,2,0,0,0,0,1,0,1
"ANDREW.SHAW","F","20182019","MTL",36,422.55,8,7,5,20,61,76,102,6.18,13.11,10.53,8.13,12,68,66,14,9,9,6,0,0,64,91,-27
"ANDY.GREENE","D","20182019","N.J",47,776.37,2,5,2,9,50,74,103,2.35,4,2.7,3.18,93,37,43,18,22,5,3,0,0,0,0,0
"ANDY.WELINSKI","D","20182019","ANA",16,220,0,1,1,2,17,26,44,0.79,0,0,3.04,10,28,25,10,4,4,3,0,0,0,0,0
"ANTHONY.BEAUVILLIER","F","20182019","NYI",45,605.37,10,2,4,16,78,104,129,9.77,12.82,9.62,9.39,22,42,62,19,19,2,5,0,0,14,21,-7
"ANTHONY.BITETTO","D","20182019","NSH",18,188.48,0,1,2,3,15,23,35,0.87,0,0,3.78,22,40,23,5,4,4,2,0,0,0,0,0
"ANTHONY.CIRELLI","F","20182019","T.B",48,555.3,5,5,3,13,62,85,105,7.23,8.06,5.88,8.51,19,54,65,8,19,2,9,1,1,221,215,6
"ANTHONY.DUCLAIR","F","20182019","CBJ",40,438.55,6,3,2,11,54,66,84,5.23,11.11,9.09,7.92,15,17,33,14,19,3,12,0,0,2,8,-6
"ANTHONY.MANTHA","F","20182019","DET",33,490.38,9,3,2,14,71,93,125,6.96,12.68,9.68,7.48,8,34,17,29,15,6,10,1,1,8,10,-2
"ANTOINE.ROUSSEL","F","20182019","VAN",43,530.72,3,9,2,14,44,71,83,5.12,6.82,4.23,7.21,34,55,52,9,9,21,14,1,1,7,9,-2
"ANTON.STRALMAN","D","20182019","T.B",30,525.25,2,3,5,10,35,48,74,1.34,5.71,4.17,2.79,34,34,38,9,11,3,2,0,0,0,0,0
"ANTTI.SUOMELA","F","20182019","S.J",27,301.52,3,3,2,8,42,63,73,5.16,7.14,4.76,8.19,11,10,29,7,5,2,1,0,0,101,123,-22
"ANZE.KOPITAR","F","20182019","L.A",47,786.22,9,8,3,20,74,103,125,7.63,12.16,8.74,7.41,29,29,46,27,25,7,7,0,0,452,361,91
"ARTEM.ANISIMOV","F","20182019","CHI",45,603.03,7,8,3,18,64,86,114,6.54,10.94,8.14,7.6,14,18,43,6,18,2,3,0,0,142,147,-5
"ARTEMI.PANARIN","F","20182019","CBJ",44,727.95,13,19,9,41,87,111,144,7.51,14.94,11.71,6.77,13,5,26,27,15,4,11,0,0,1,1,0
"ARTTURI.LEHKONEN","F","20182019","MTL",48,590.5,8,10,5,23,88,113,146,8.02,9.09,7.08,7.1,19,57,86,14,16,7,4,0,0,2,4,-2
"AUSTIN.CZARNIK","F","20182019","CGY",29,266.35,1,3,0,4,27,41,54,3.04,3.7,2.44,7.41,14,2,26,7,12,1,5,0,0,12,15,-3
"AUSTIN.WAGNER","F","20182019","L.A",32,264.53,4,3,2,9,30,39,55,3.14,13.33,10.26,8.05,3,62,17,5,5,2,7,0,0,2,2,0
"AUSTIN.WATSON","F","20182019","NSH",31,385.23,3,1,1,5,52,79,91,4.51,5.77,3.8,5.71,19,86,28,10,8,5,2,4,4,3,4,-1
"AUSTON.MATTHEWS","F","20182019","TOR",32,481.5,13,10,8,31,75,110,140,8.58,17.33,11.82,7.8,29,6,43,18,25,1,8,0,0,247,220,27
"BARCLAY.GOODROW","F","20182019","S.J",49,453.82,4,1,5,10,41,62,73,3.22,9.76,6.45,5.19,30,59,63,9,14,9,4,2,1,130,97,33
"BEN.CHIAROT","D","20182019","WPG",45,750.12,4,2,1,7,55,72,111,1.92,7.27,5.56,2.67,58,84,77,33,11,8,7,0,0,0,0,0
"BEN.GLEASON","D","20182019","DAL",4,55.17,0,1,0,1,2,2,4,0.06,0,0,3,1,2,1,2,4,0,1,0,0,0,0,0
"BEN.HARPUR","D","20182019","OTT",24,374.57,1,0,1,2,21,30,41,0.52,4.76,3.33,1.73,32,40,53,32,8,6,2,4,4,0,0,0
"BEN.HUTTON","D","20182019","VAN",46,771.2,3,0,3,6,62,86,126,1.93,4.84,3.49,2.24,56,39,72,11,11,5,3,0,0,0,0,0
"BEN.LOVEJOY","D","20182019","N.J",43,566.3,1,3,2,6,53,75,108,1.44,1.89,1.33,1.92,36,38,64,14,10,12,3,0,1,0,0,0
"BEN.STREET","F","20182019","ANA",21,208.65,3,0,0,3,17,26,42,1.16,17.65,11.54,4.46,6,19,21,4,2,1,1,0,0,9,21,-12
"BLAKE.COLEMAN","F","20182019","N.J",47,596.73,11,4,4,19,113,148,177,11.19,9.73,7.43,7.56,16,109,51,19,21,9,9,0,0,49,53,-4
"BLAKE.COMEAU","F","20182019","DAL",47,589.4,4,0,3,7,49,67,86,5.35,8.16,5.97,7.99,20,120,50,19,17,5,7,0,0,13,17,-4
"BLAKE.PIETILA","F","20182019","N.J",7,74.5,0,1,0,1,3,6,9,0.51,0,0,8.5,3,13,8,0,1,1,2,0,0,0,0,0
"BLAKE.WHEELER","F","20182019","WPG",47,736.2,4,15,7,26,100,133,163,7.61,4,3.01,5.72,25,46,37,10,18,10,8,1,1,20,30,-10
"BOBBY.RYAN","F","20182019","OTT",44,554.93,5,8,3,16,59,89,112,4.64,8.47,5.62,5.21,27,34,38,22,21,6,6,1,1,5,11,-6
"BOGDAN.KISELEVICH","D","20182019","FLA",31,431.4,0,6,2,8,13,22,40,0.51,0,0,2.32,19,44,64,9,4,5,2,0,0,0,0,0
"BO.HORVAT","F","20182019","VAN",48,775,9,4,6,19,100,129,157,11.03,9,6.98,8.55,33,27,37,22,11,8,7,1,1,493,427,66
"BOONE.JENNER","F","20182019","CBJ",46,623.97,7,11,0,18,92,125,148,8.27,7.61,5.6,6.62,41,86,46,13,13,9,10,0,0,287,259,28
"BOO.NIEVES","F","20182019","NYR",15,144.27,2,2,3,7,9,12,17,1.03,22.22,16.67,8.58,9,14,20,7,5,1,3,0,0,36,59,-23
"BRAD.HUNT","D","20182019","VGK",13,155.82,1,1,0,2,16,24,32,0.73,6.25,4.17,3.04,10,5,20,6,4,1,0,0,0,0,0,0
"BRAD.MARCHAND","F","20182019","BOS",47,676.87,9,9,8,26,101,143,180,9.23,8.91,6.29,6.45,5,32,38,39,24,16,16,2,2,26,39,-13
"BRAD.RICHARDSON","F","20182019","ARI",40,500.92,6,3,1,10,62,80,106,3.99,9.68,7.5,4.99,26,28,49,11,12,8,1,0,0,275,216,59
"BRADY.SKJEI","D","20182019","NYR",44,811.57,3,5,2,10,59,74,109,2.57,5.08,4.05,3.47,60,102,59,33,15,7,3,0,0,0,0,0
"BRADY.TKACHUK","F","20182019","OTT",36,465.25,9,3,3,15,69,93,113,9.04,13.04,9.68,9.72,10,75,71,15,6,13,13,2,2,15,10,5
"BRANDON.CARLO","D","20182019","BOS",39,702.12,1,2,0,3,56,78,108,2.18,1.79,1.28,2.79,35,72,90,16,18,10,5,1,1,0,0,0
"BRANDON.DAVIDSON","D","20182019","CHI",10,123,0,0,1,1,7,12,24,0.33,0,0,2.75,12,17,25,2,2,1,1,0,0,0,0,0
"BRANDON.DUBINSKY","F","20182019","CBJ",32,352.32,4,2,1,7,33,38,52,3.3,12.12,10.53,8.68,13,70,20,3,10,4,4,1,1,211,155,56
"BRANDON.MANNING","D","20182019","CHI",27,359,1,1,1,3,22,31,48,0.78,4.55,3.23,2.52,19,44,39,10,1,2,4,3,2,0,0,0
"BRANDON.MANNING","D","20182019","EDM",5,64.48,0,0,0,0,3,3,7,0.06,0,0,2,6,6,10,2,2,0,0,0,0,0,0,0
"BRANDON.MONTOUR","D","20182019","ANA",48,890.58,4,5,10,19,80,131,175,4.46,5,3.05,3.4,59,56,67,39,17,10,8,0,0,0,0,0
"BRANDON.PIRRI","F","20182019","VGK",11,129.82,5,2,0,7,26,31,39,2.54,19.23,16.13,8.19,3,11,6,4,6,1,4,0,0,7,6,1
"BRANDON.SAAD","F","20182019","CHI",47,650.97,7,6,3,16,89,115,146,8.9,7.87,6.09,7.74,17,22,30,11,16,4,12,0,0,11,27,-16
"BRANDON.SUTTER","F","20182019","VAN",18,237.87,2,1,0,3,22,30,41,1.54,9.09,6.67,5.13,7,18,9,2,5,1,3,0,0,130,128,2
"BRANDON.TANEV","F","20182019","WPG",47,562.22,9,7,1,17,72,96,132,6.48,12.5,9.38,6.75,27,141,103,9,10,3,12,1,1,0,0,0
"BRAYDEN.MCNABB","D","20182019","VGK",49,811.85,1,7,4,12,42,59,103,1.25,2.38,1.69,2.12,70,111,49,25,16,12,6,0,0,0,0,0
"BRAYDEN.POINT","F","20182019","T.B",48,706.25,16,19,5,40,86,110,137,11.23,18.6,14.55,10.21,19,21,55,13,16,5,13,0,0,210,214,-4
"BRAYDEN.SCHENN","F","20182019","STL",42,613.6,6,5,4,15,70,98,115,10.28,8.57,6.12,10.49,22,73,41,18,25,6,6,2,2,257,283,-26
"BRAYDON.COBURN","D","20182019","T.B",44,677.28,3,1,7,11,73,99,137,2.31,4.11,3.03,2.33,36,46,56,9,7,9,4,0,0,0,0,0
"BRENDAN.GALLAGHER","F","20182019","MTL",48,629.5,14,3,4,21,137,178,256,13.02,10.22,7.87,7.31,18,66,66,16,29,9,14,0,0,7,12,-5
"BRENDAN.LEIPSIC","F","20182019","L.A",21,262.83,2,3,0,5,29,44,55,2.58,6.9,4.55,5.86,14,16,20,8,3,6,4,0,0,1,4,-3
"BRENDAN.LEIPSIC","F","20182019","VAN",17,179.63,2,0,1,3,25,33,42,1.65,8,6.06,5,3,11,10,4,8,1,3,0,0,3,1,2
"BRENDAN.LEMIEUX","F","20182019","WPG",31,207.17,5,1,1,7,23,29,38,2.84,21.74,17.24,9.79,7,49,15,3,4,6,10,2,1,2,3,-1
"BRENDAN.PERLINI","F","20182019","ARI",22,252.23,0,1,1,2,29,45,61,3.03,0,0,6.73,7,12,12,4,5,3,3,0,0,0,2,-2
"BRENDAN.PERLINI","F","20182019","CHI",23,222.53,2,0,1,3,33,45,70,2.58,6.06,4.44,5.73,6,24,18,5,3,4,4,0,0,1,2,-1
"BRENDAN.SMITH","D","20182019","NYR",31,465.15,2,4,2,8,25,41,68,1.03,8,4.88,2.51,25,37,34,28,10,10,4,2,2,0,0,0
"BRENDEN.DILLON","D","20182019","S.J",49,745.85,0,8,7,15,44,66,104,1.74,0,0,2.64,34,116,66,17,7,13,5,0,0,0,0,0
"BRENT.BURNS","D","20182019","S.J",49,924.15,4,17,8,29,133,193,306,4.96,3.01,2.07,2.57,53,41,34,52,45,4,3,0,0,0,0,0
"BRENT.SEABROOK","D","20182019","CHI",48,717.75,3,4,3,10,76,96,138,3.19,3.95,3.12,3.32,78,50,53,37,9,9,5,1,1,0,0,0
"BRETT.CONNOLLY","F","20182019","WSH",46,559.73,8,8,6,22,62,88,117,6.5,12.9,9.09,7.39,12,26,35,16,17,8,4,0,0,6,12,-6
"BRETT.HOWDEN","F","20182019","NYR",46,566.97,4,6,3,13,34,61,70,4.9,11.76,6.56,8.03,27,39,42,26,18,2,8,0,0,236,226,10
"BRETT.KULAK","D","20182019","MTL",24,388.47,1,1,1,3,41,57,88,1.32,2.44,1.75,2.32,25,40,42,17,6,2,0,1,1,0,0,0
"BRETT.PESCE","D","20182019","CAR",37,596.68,3,3,3,9,45,63,98,2.14,6.67,4.76,3.4,60,28,48,10,22,6,4,0,0,0,0,0
"BRETT.RITCHIE","F","20182019","DAL",25,230.67,2,0,2,4,20,29,41,2.17,10,6.9,7.48,6,63,26,7,5,8,1,1,1,1,2,-1
"BRETT.SENEY","F","20182019","N.J",37,376.28,4,3,2,9,35,45,55,3.38,11.43,8.89,7.51,8,30,32,12,11,11,11,0,0,88,143,-55
"BRIAN.BOYLE","F","20182019","N.J",42,354.02,5,2,0,7,39,52,64,4.15,12.82,9.62,7.98,18,66,22,8,6,6,3,0,0,34,34,0
"BRIAN.DUMOULIN","D","20182019","PIT",46,839.1,1,2,8,11,56,98,144,2.36,1.79,1.02,2.41,63,82,100,25,23,5,4,0,0,0,0,0
"BRIAN.GIBBONS","F","20182019","ANA",37,351.12,2,2,1,5,26,43,54,2.41,7.69,4.65,5.6,13,18,37,9,10,5,4,0,0,1,1,0
"BROCK.BOESER","F","20182019","VAN",35,515.97,11,5,2,18,63,88,125,6.02,17.46,12.5,6.84,10,10,16,12,18,4,4,0,0,2,10,-8
"BROCK.MCGINN","F","20182019","CAR",46,530.13,2,3,5,10,68,99,139,7.74,2.94,2.02,7.82,16,77,52,18,21,7,13,0,0,14,17,-3
"BROCK.NELSON","F","20182019","NYI",46,657.62,14,7,5,26,72,89,112,8.56,19.44,15.73,9.62,30,20,55,27,25,6,8,0,0,282,305,-23
"BROOKS.ORPIK","D","20182019","WSH",19,230.83,1,0,2,3,14,18,27,0.34,7.14,5.56,1.89,13,47,25,9,1,2,2,0,0,0,0,0
"BRYAN.LITTLE","F","20182019","WPG",47,623.43,6,8,7,21,59,73,90,5.94,10.17,8.22,8.14,10,26,23,10,16,6,8,0,0,281,238,43
"BRYAN.RUST","F","20182019","PIT",45,571.28,10,4,4,18,73,105,128,8.78,13.7,9.52,8.36,24,71,71,14,14,6,10,0,0,0,7,-7
"CAL.CLUTTERBUCK","F","20182019","NYI",42,416.7,1,4,3,8,39,65,83,5.05,2.56,1.54,7.77,21,93,44,11,13,5,4,0,0,5,7,-2
"CALEB.JONES","D","20182019","EDM",15,271.8,1,2,2,5,17,21,30,0.5,5.88,4.76,2.38,13,18,19,10,10,3,0,0,0,0,0,0
"CALLE.JARNKROK","F","20182019","NSH",46,591.02,6,2,5,13,57,78,109,4.75,10.53,7.69,6.09,9,30,44,11,14,3,6,0,0,123,118,5
"CALVIN.DE HAAN","D","20182019","CAR",46,784.32,1,4,5,10,66,114,182,3.28,1.52,0.88,2.88,60,100,74,31,40,8,7,0,0,0,1,-1
"CAM.ATKINSON","F","20182019","CBJ",45,673.48,18,8,9,35,119,174,198,10.86,15.13,10.34,6.24,13,10,12,19,21,5,4,0,0,4,18,-14
"CAM.FOWLER","D","20182019","ANA",25,475.58,3,2,3,8,27,39,70,1.45,11.11,7.69,3.72,44,11,28,11,7,3,3,0,0,0,0,0
"CARL.DAHLSTROM","D","20182019","CHI",17,284.62,0,2,2,4,18,22,35,0.41,0,0,1.86,9,13,19,12,4,1,1,0,0,0,0,0
"CARL.GUNNARSSON","D","20182019","STL",13,168.32,1,0,2,3,12,17,26,0.34,8.33,5.88,2,12,5,17,2,3,2,1,0,0,0,0,0
"CARL.HAGELIN","F","20182019","L.A",11,137.2,1,1,1,3,15,23,31,1.18,6.67,4.35,5.13,3,11,12,2,2,1,2,0,0,1,7,-6
"CARL.HAGELIN","F","20182019","PIT",16,202.68,1,1,1,3,24,37,48,2.68,4.17,2.7,7.24,4,30,18,7,6,4,1,0,0,1,4,-3
"CARL.SODERBERG","F","20182019","COL",47,546.8,10,2,4,16,76,98,137,6.91,13.16,10.2,7.05,19,43,36,6,16,6,9,0,0,211,209,2
"CARTER.ROWNEY","F","20182019","ANA",28,280.17,2,4,5,11,14,20,25,1.57,14.29,10,7.85,8,71,42,8,7,2,2,0,0,98,104,-6
"CASEY.CIZIKAS","F","20182019","NYI",39,420.65,9,6,1,16,50,64,77,6.96,18,14.06,10.88,23,59,46,11,17,5,3,0,0,201,202,-1
"CASEY.MITTELSTADT","F","20182019","BUF",47,533.45,6,3,0,9,45,63,72,4.08,13.33,9.52,6.48,7,16,25,24,19,3,10,0,0,116,182,-66
"CASEY.NELSON","D","20182019","BUF",22,293.12,1,1,3,5,16,26,45,0.5,6.25,3.85,1.92,19,15,26,8,4,2,1,0,0,0,0,0
"CEDRIC.PAQUETTE","F","20182019","T.B",47,454.18,7,2,0,9,49,64,80,4.83,14.29,10.94,7.55,23,155,67,5,10,14,14,1,1,210,181,29
"CHAD.RUHWEDEL","D","20182019","PIT",11,159.83,0,0,0,0,14,20,30,0.28,0,0,1.4,7,26,16,6,5,1,0,0,0,0,0,0
"CHANDLER.STEPHENSON","F","20182019","WSH",43,448.78,4,3,1,8,24,32,45,3.26,16.67,12.5,10.19,19,20,44,9,12,0,2,0,0,24,21,3
"CHARLES.HUDON","F","20182019","MTL",24,233.33,3,0,0,3,34,43,55,3.1,8.82,6.98,7.21,5,45,14,7,6,6,1,0,0,2,4,-2
"CHARLIE.COYLE","F","20182019","MIN",47,623.02,5,7,6,18,77,105,130,7.37,6.49,4.76,7.02,24,45,29,11,21,6,9,0,0,154,179,-25
"CHARLIE.MCAVOY","D","20182019","BOS",21,381.75,1,6,4,11,19,32,48,1.12,5.26,3.12,3.5,28,36,49,14,7,5,7,0,0,0,0,0
"CHRIS.BUTLER","D","20182019","STL",12,158.02,1,1,0,2,9,18,26,0.29,11.11,5.56,1.61,15,11,14,4,3,0,0,0,0,0,0,0
"CHRIS.KREIDER","F","20182019","NYR",47,646.9,15,3,8,26,107,134,161,9.31,14.02,11.19,6.95,28,98,44,21,13,11,2,0,0,14,23,-9
"CHRIS.KUNITZ","F","20182019","CHI",27,248.57,1,1,1,3,18,27,39,1.76,5.56,3.7,6.52,4,41,18,9,9,3,4,0,0,1,5,-4
"CHRIS.TANEV","D","20182019","VAN",43,719.78,1,5,2,8,34,47,68,0.81,2.94,2.13,1.72,64,21,78,22,11,7,1,0,0,0,0,0
"CHRISTIAN.DJOOS","D","20182019","WSH",28,365.85,0,3,1,4,18,24,41,0.7,0,0,2.92,18,13,23,8,4,1,4,0,0,0,0,0
"CHRISTIAN.FISCHER","F","20182019","ARI",46,531.38,11,1,2,14,70,88,119,5.79,15.71,12.5,6.58,10,67,73,6,8,6,7,1,1,2,3,-1
"CHRISTIAN.FOLIN","D","20182019","PHI",23,323.73,0,0,1,1,17,30,53,0.55,0,0,1.83,43,52,43,8,1,6,3,0,0,1,0,1
"CHRISTIAN.JAROS","D","20182019","OTT",34,436.02,1,1,2,4,30,38,58,1.52,3.33,2.63,4,41,65,60,23,7,5,4,1,1,0,0,0
"CHRISTIAN.WOLANIN","D","20182019","OTT",9,120.45,2,0,2,4,9,10,16,0.4,22.22,20,4,8,3,12,5,5,0,0,0,0,0,0,0
"CHRIS.TIERNEY","F","20182019","OTT",47,653.05,5,6,9,20,59,71,95,6.25,8.47,7.04,8.8,27,16,46,27,30,6,7,0,0,292,272,20
"CHRISTOFFER.EHN","F","20182019","DET",31,274.62,1,1,2,4,24,31,43,1.33,4.17,3.23,4.29,17,39,39,11,3,1,3,0,0,40,45,-5
"CHRIS.WAGNER","F","20182019","BOS",45,504.68,6,3,1,10,78,103,125,7.76,7.69,5.83,7.53,16,152,66,8,10,6,4,1,1,33,27,6
"CHRIS.WIDEMAN","D","20182019","EDM",5,50.08,0,1,1,2,6,10,14,0.18,0,0,1.8,1,7,5,0,0,2,1,0,0,0,0,0
"CHRIS.WIDEMAN","D","20182019","OTT",19,205.03,1,2,0,3,15,22,33,0.65,6.67,4.55,2.95,23,25,29,6,2,6,2,0,0,0,0,0
"CLARK.BISHOP","F","20182019","CAR",20,181.38,1,2,0,3,15,23,36,1.2,6.67,4.35,5.22,5,39,31,5,5,3,2,0,0,65,72,-7
"CLAUDE.GIROUX","F","20182019","PHI",47,691.43,11,15,8,34,95,132,171,7.23,11.58,8.33,5.48,8,22,18,26,22,5,7,0,0,226,179,47
"CLAYTON.KELLER","F","20182019","ARI",46,663.1,9,8,0,17,77,107,137,6.83,11.69,8.41,6.38,11,5,54,16,14,6,15,0,0,23,36,-13
"CODY.CECI","D","20182019","OTT",43,828.22,4,5,2,11,64,93,147,2.69,6.25,4.3,2.89,57,49,74,31,9,3,2,0,0,0,0,0
"CODY.EAKIN","F","20182019","VGK",45,568.33,10,6,2,18,54,68,87,4.49,18.52,14.71,6.6,18,29,52,14,27,6,5,0,0,215,208,7
"CODY.MCLEOD","F","20182019","NYR",27,193.6,1,0,0,1,20,23,26,2.22,5,4.35,9.65,8,90,9,1,3,9,6,5,5,0,1,-1
"COLBY.CAVE","F","20182019","BOS",20,228.3,1,2,2,5,17,27,36,2.28,5.88,3.7,8.44,4,21,15,3,10,2,0,0,0,71,74,-3
"COLIN.MILLER","D","20182019","VGK",36,593.6,1,3,3,7,46,68,119,1.58,2.17,1.47,2.32,37,61,52,26,12,7,8,0,0,0,0,0
"COLIN.WHITE","F","20182019","OTT",44,568.12,5,9,5,19,58,85,110,5.97,8.62,5.88,7.02,20,12,49,22,14,5,12,0,0,203,242,-39
"COLIN.WILSON","F","20182019","COL",38,391.47,4,1,4,9,45,58,72,4.47,8.89,6.9,7.71,17,31,29,2,7,3,4,0,0,17,22,-5
"COLTON.PARAYKO","D","20182019","STL",46,879.82,5,0,3,8,81,118,164,2.61,6.17,4.24,2.21,74,66,53,23,11,3,5,0,0,0,0,0
"COLTON.SCEVIOUR","F","20182019","FLA",41,405.83,2,5,1,8,67,87,105,4.6,2.99,2.3,5.29,24,53,39,12,5,0,2,1,1,29,45,-16
"COLTON.SISSONS","F","20182019","NSH",42,512.4,8,5,4,17,45,64,81,7.07,17.78,12.5,11.05,34,44,38,3,12,5,3,1,0,182,147,35
"CONNOR.BROWN","F","20182019","TOR",46,533.48,1,6,5,12,41,76,88,5.35,2.44,1.32,7.04,17,23,52,7,17,3,0,0,0,11,14,-3
"CONNOR.CARRICK","D","20182019","DAL",12,160.13,1,0,3,4,13,16,25,0.59,7.69,6.25,3.69,8,5,16,7,2,4,0,0,0,0,0,0
"CONNOR.CLIFTON","D","20182019","BOS",9,151.33,0,0,0,0,6,9,23,0.14,0,0,1.56,7,16,31,7,5,4,1,0,1,0,0,0
"CONNOR.MCDAVID","F","20182019","EDM",46,837.53,18,15,9,42,103,142,179,11.95,17.48,12.68,8.42,16,13,56,34,61,6,13,0,0,239,267,-28
"CONNOR.MURPHY","D","20182019","CHI",19,322.77,1,1,3,5,28,37,54,0.89,3.57,2.7,2.41,21,52,38,16,5,8,5,0,0,0,0,0
"CONOR.GARLAND","F","20182019","ARI",19,195.37,5,0,1,6,39,48,57,3.09,12.82,10.42,6.44,7,8,21,4,10,3,2,0,0,2,2,0
"CONOR.SHEARY","F","20182019","BUF",43,533.3,3,6,5,14,61,83,104,5.61,4.92,3.61,6.76,15,10,36,11,19,5,6,0,0,10,8,2
"CRAIG.SMITH","F","20182019","NSH",49,611.13,10,5,4,19,111,149,182,8.29,9.01,6.71,5.56,22,44,54,17,28,4,9,0,0,16,19,-3
"DALE.WEISE","F","20182019","PHI",42,430.15,4,3,3,10,50,66,76,6.33,8,6.06,9.59,11,63,41,6,6,4,4,1,1,2,4,-2
"DALTON.PROUT","D","20182019","CGY",9,93.03,0,0,0,0,8,11,15,0.19,0,0,1.73,6,13,5,3,2,2,2,0,0,0,0,0
"DAMON.SEVERSON","D","20182019","N.J",47,845.3,4,7,4,15,59,79,107,2.77,6.78,5.06,3.51,37,49,52,24,12,9,4,0,0,0,0,0
"DAN.GIRARDI","D","20182019","T.B",45,670.68,3,1,6,10,49,66,88,2.75,6.12,4.55,4.17,57,96,54,13,4,3,0,0,0,0,0,0
"DAN.HAMHUIS","D","20182019","NSH",38,585.82,0,1,3,4,26,34,58,1.02,0,0,3,40,32,49,25,9,8,5,0,0,0,0,0
"DANICK.MARTEL","F","20182019","T.B",6,57.05,0,1,0,1,12,18,21,0.86,0,0,4.78,0,8,4,1,1,3,2,0,0,0,1,-1
"DANIEL.CARR","F","20182019","VGK",6,58.12,1,0,0,1,11,14,18,1.01,9.09,7.14,7.21,3,9,12,2,3,0,2,0,0,0,0,0
"DANIEL.SPRONG","F","20182019","ANA",19,236.77,4,2,0,6,38,52,66,3.48,10.53,7.69,6.69,2,13,15,7,6,2,4,0,0,1,4,-3
"DANIEL.SPRONG","F","20182019","PIT",16,115.28,0,2,1,3,15,21,32,1.1,0,0,5.24,5,10,11,5,2,1,2,0,0,1,1,0
"DANNY.DEKEYSER","D","20182019","DET",21,380.98,1,6,2,9,18,30,47,1.04,5.56,3.33,3.47,26,24,38,12,4,7,4,1,1,0,0,0
"DANTON.HEINEN","F","20182019","BOS",46,542.02,4,3,2,9,59,85,114,5.96,6.78,4.71,7.01,17,36,35,15,27,3,2,0,0,2,5,-3
"DARNELL.NURSE","D","20182019","EDM",47,927.87,5,6,6,17,104,138,202,4.3,4.81,3.62,3.12,68,81,35,42,13,8,8,1,0,0,0,0
"DARREN.ARCHIBALD","F","20182019","VAN",9,68.55,1,0,1,2,8,9,9,0.79,12.5,11.11,8.78,3,8,11,2,1,1,0,2,2,0,1,-1
"DARREN.HELM","F","20182019","DET",27,327.88,3,4,0,7,44,61,80,3.51,6.82,4.92,5.75,9,34,17,8,10,5,5,0,0,4,7,-3
"DAVID.BACKES","F","20182019","BOS",39,429.95,3,1,2,6,65,82,96,4.45,4.62,3.66,5.43,15,66,43,15,24,2,9,0,0,104,84,20
"DAVID.KAMPF","F","20182019","CHI",45,556.03,3,5,5,13,54,73,91,5.65,5.56,4.11,7.74,21,22,61,5,19,3,3,0,0,179,217,-38
"DAVID.KREJCI","F","20182019","BOS",48,710.7,6,14,7,27,64,90,104,4.99,9.38,6.67,5.54,17,14,47,23,29,4,8,0,0,303,325,-22
"DAVID.PASTRNAK","F","20182019","BOS",48,723.38,13,7,4,24,114,159,201,10.24,11.4,8.18,6.44,20,34,69,50,24,6,19,0,0,0,1,-1
"DAVID.PERRON","F","20182019","STL",45,634.15,12,8,3,23,67,87,110,5.62,17.91,13.79,6.46,11,37,48,10,29,17,8,0,0,12,11,1
"DAVID.SAVARD","D","20182019","CBJ",46,779.53,3,4,4,11,50,74,105,1.86,6,4.05,2.51,64,50,50,18,8,7,4,0,0,0,0,0
"DAVID.SCHLEMKO","D","20182019","MTL",18,288.77,0,0,0,0,23,34,59,0.62,0,0,1.82,34,26,34,16,2,2,2,0,0,0,0,0
"DEAN.KUKAN","D","20182019","CBJ",9,116.18,0,0,0,0,5,7,14,0.11,0,0,1.57,6,9,7,1,1,2,1,0,0,0,0,0
"DENIS.GURIANOV","F","20182019","DAL",11,114.43,1,0,1,2,10,15,19,1.08,10,6.67,7.2,1,16,4,4,1,0,0,0,0,0,0,0
"DENIS.MALGIN","F","20182019","FLA",31,375.68,5,3,3,11,41,57,72,3.92,12.2,8.77,6.88,10,23,34,6,6,5,3,0,0,21,39,-18
"DENNIS.CHOLOWSKI","D","20182019","DET",46,715.3,3,3,0,6,48,78,102,2.67,6.25,3.85,3.42,44,14,40,40,4,8,2,0,0,0,0,0
"DEREK.FORBORT","D","20182019","L.A",47,848.8,1,1,7,9,43,67,107,1.11,2.33,1.49,1.66,47,56,93,42,7,8,2,0,0,0,0,0
"DEREK.GRANT","F","20182019","PIT",25,193.68,2,3,0,5,24,27,33,1.55,8.33,7.41,5.74,7,42,21,4,5,2,4,0,0,61,45,16
"DEREK.RYAN","F","20182019","CGY",47,446.07,1,3,1,5,34,49,61,3.19,2.94,2.04,6.51,7,8,50,25,19,8,3,0,0,172,127,45
"DEREK.STEPAN","F","20182019","ARI",46,643.78,4,8,2,14,88,119,146,7.38,4.55,3.36,6.2,21,33,40,16,19,3,4,0,0,293,336,-43
"DERICK.BRASSARD","F","20182019","PIT",37,484.43,6,1,3,10,49,60,80,5.05,12.24,10,8.42,9,59,41,13,21,7,3,0,0,170,172,-2
"DERRICK.POULIOT","D","20182019","VAN",42,660.73,1,2,3,6,38,62,99,1.7,2.63,1.61,2.74,50,53,74,20,16,8,1,0,0,0,0,0
"DERYK.ENGELLAND","D","20182019","VGK",42,675.1,1,3,1,5,52,74,121,1.65,1.92,1.35,2.23,49,69,50,9,10,5,0,0,0,0,0,0
"DEVANTE.SMITH-PELLY","F","20182019","WSH",43,387.67,4,3,1,8,41,61,83,4.44,9.76,6.56,7.28,20,53,30,6,5,3,2,1,1,7,16,-9
"DEVIN.SHORE","F","20182019","DAL",42,452.58,4,5,4,13,36,49,65,3.93,11.11,8.16,8.02,26,40,40,10,11,2,4,0,1,23,25,-2
"DEVON.TOEWS","D","20182019","NYI",12,195.03,3,1,0,4,23,29,42,1.72,13.04,10.34,5.93,6,4,9,4,4,0,1,0,0,0,0,0
"DILLON.DUBE","F","20182019","CGY",23,207.92,1,0,4,5,18,25,33,2.53,5.56,4,10.12,3,11,24,6,5,1,6,0,0,15,23,-8
"DILLON.HEATHERINGTON","D","20182019","DAL",5,50.68,0,1,0,1,5,7,8,0.36,0,0,5.14,2,6,4,3,0,0,1,0,0,0,0,0
"DION.PHANEUF","D","20182019","L.A",41,524.78,0,1,0,1,39,59,101,1.01,0,0,1.71,51,64,27,15,2,10,9,1,1,0,0,0
"DMITRIJ.JASKIN","F","20182019","WSH",28,269.8,1,1,5,7,30,53,67,3.72,3.33,1.89,7.02,7,61,32,5,10,1,4,0,0,0,3,-3
"DMITRY.KULIKOV","D","20182019","WPG",26,338.03,0,1,2,3,16,27,42,0.44,0,0,1.63,28,40,46,18,6,1,0,0,0,0,0,0
"DMITRY.ORLOV","D","20182019","WSH",46,870.6,2,2,7,11,46,70,116,2.65,4.35,2.86,3.79,56,64,32,33,28,7,5,1,1,0,0,0
"DOMINIK.KAHUN","F","20182019","CHI",49,639.63,7,8,1,16,77,98,125,6.54,9.09,7.14,6.67,15,10,32,13,15,0,3,0,0,15,18,-3
"DOMINIK.SIMON","F","20182019","PIT",38,457.58,5,9,3,17,55,73,90,4.91,9.09,6.85,6.73,13,41,38,15,21,6,7,0,0,5,6,-1
"DOUGIE.HAMILTON","D","20182019","CAR",46,765.7,5,3,2,10,112,161,243,5.05,4.46,3.11,3.14,48,77,53,34,18,11,6,0,0,0,1,-1
"DRAKE.BATHERSON","F","20182019","OTT",17,200.28,1,3,1,5,13,15,19,0.94,7.69,6.67,6.27,18,14,17,8,5,3,9,0,0,0,1,-1
"DRAKE.CAGGIULA","F","20182019","CHI",6,71.4,0,0,1,1,8,10,12,0.64,0,0,6.4,2,16,8,0,2,0,3,1,0,4,8,-4
"DRAKE.CAGGIULA","F","20182019","EDM",29,367.15,5,2,2,9,46,60,76,4.5,10.87,8.33,7.5,15,76,19,12,8,7,4,0,0,3,9,-6
"DREW.DOUGHTY","D","20182019","L.A",48,975.2,0,8,3,11,67,97,131,2.67,0,0,2.75,58,80,49,52,10,9,4,0,0,0,0,0
"DREW.STAFFORD","F","20182019","N.J",23,238.95,2,3,1,6,28,43,58,2.54,7.14,4.65,5.91,7,22,16,1,5,1,1,0,0,5,7,-2
"DRYDEN.HUNT","F","20182019","FLA",13,147.55,0,1,0,1,25,27,33,1.65,0,0,6.11,3,26,22,3,6,2,2,0,0,0,2,-2
"DUNCAN.KEITH","D","20182019","CHI",49,907,1,4,12,17,73,98,151,2.6,1.37,1.02,2.65,71,23,47,31,13,11,3,0,0,0,0,0
"DUSTIN.BROWN","F","20182019","L.A",38,594.1,6,5,4,15,77,102,133,7.22,7.79,5.88,7.08,14,71,40,15,17,3,3,0,0,0,7,-7
"DUSTIN.BYFUGLIEN","D","20182019","WPG",32,598.37,3,3,4,10,70,92,119,3.15,4.29,3.26,3.42,32,42,18,22,16,14,3,0,0,0,0,0
"DYLAN.DEMELO","D","20182019","OTT",42,683.8,3,5,3,11,57,81,113,1.64,5.26,3.7,2.02,55,54,73,22,10,8,8,0,0,0,0,0
"DYLAN.LARKIN","F","20182019","DET",48,835.33,11,12,4,27,140,182,235,11.54,7.86,6.04,6.34,25,48,38,60,44,13,17,1,1,403,368,35
"DYLAN.SIKURA","F","20182019","CHI",11,115.18,0,2,1,3,17,19,24,1.07,0,0,5.63,3,2,10,1,7,0,0,0,0,0,2,-2
"DYLAN.STROME","F","20182019","ARI",20,218.92,0,1,1,2,29,38,49,2.09,0,0,5.5,9,0,11,4,8,2,1,0,0,110,87,23
"DYLAN.STROME","F","20182019","CHI",25,356.03,6,2,2,10,34,44,55,3.2,17.65,13.64,7.27,18,8,27,13,14,2,2,0,0,148,164,-16
"EGOR.YAKOVLEV","D","20182019","N.J",11,177.7,1,2,1,4,10,18,26,0.65,10,5.56,3.61,7,3,10,7,1,2,1,0,0,0,0,0
"ELIAS.LINDHOLM","F","20182019","CGY",48,685.95,10,6,8,24,71,102,124,7.58,14.08,9.8,7.43,9,37,30,20,22,4,4,0,0,224,175,49
"ELIAS.PETTERSSON","F","20182019","VAN",38,522.57,14,10,3,27,54,73,87,6.35,25.93,19.18,8.7,27,21,43,21,22,3,17,0,0,163,227,-64
"ERIC.FEHR","F","20182019","MIN",41,380.58,3,2,1,6,36,52,62,3.33,8.33,5.77,6.4,20,23,30,5,16,10,1,0,0,152,137,15
"ERIC.STAAL","F","20182019","MIN",46,654.65,10,9,4,23,109,134,162,11.42,9.17,7.46,8.52,17,19,24,16,30,9,10,0,0,287,294,-7
"ERIK.CERNAK","D","20182019","T.B",27,432.78,0,3,4,7,41,55,74,1.32,0,0,2.4,21,77,40,11,5,7,5,1,1,0,0,0
"ERIK.CONDRA","F","20182019","DAL",6,68.2,1,0,0,1,8,10,11,0.37,12.5,10,3.7,1,3,6,5,0,1,0,0,0,0,1,-1
"ERIK.GUDBRANSON","D","20182019","VAN",43,697.5,2,3,3,8,57,76,110,1.53,3.51,2.63,2.01,37,97,82,17,5,10,7,1,1,0,0,0
"ERIK.GUSTAFSSON","D","20182019","CHI",46,861.85,5,7,5,17,61,89,137,2.98,8.2,5.62,3.35,62,43,92,41,12,7,3,0,0,0,0,0
"ERIK.HAULA","F","20182019","VGK",15,203.18,2,3,1,6,21,37,53,3.24,9.52,5.41,8.76,6,9,33,4,11,4,7,0,0,68,62,6
"ERIK.JOHNSON","D","20182019","COL",47,846.3,3,3,5,11,87,114,171,3.32,3.45,2.63,2.91,54,60,58,22,12,5,5,1,1,0,0,0
"ERIK.KARLSSON","D","20182019","S.J",47,903.72,1,10,13,24,122,182,288,4.32,0.82,0.55,2.37,54,36,64,47,45,6,3,0,0,1,0,1
"ESA.LINDELL","D","20182019","DAL",48,936.77,2,4,3,9,64,85,122,2.56,3.12,2.35,3.01,59,85,68,42,14,7,6,0,0,0,0,0
"EVAN.BOUCHARD","D","20182019","EDM",7,71.18,0,0,0,0,8,14,19,0.29,0,0,2.07,7,6,2,2,3,1,1,0,0,0,0,0
"EVANDER.KANE","F","20182019","S.J",49,733.77,14,9,7,30,146,196,243,13.21,9.59,7.14,6.74,17,98,88,19,34,22,12,1,1,56,72,-16
"EVAN.RODRIGUES","F","20182019","BUF",41,493.93,3,5,2,10,65,94,115,3.86,4.62,3.19,4.11,16,14,32,12,10,8,8,0,0,130,132,-2
"EVGENI.MALKIN","F","20182019","PIT",46,672.83,7,15,7,29,72,102,130,7.99,9.72,6.86,7.83,15,24,53,46,46,15,11,0,0,251,316,-65
"EVGENY.DADONOV","F","20182019","FLA",45,661.33,9,7,5,21,91,119,150,9.99,9.89,7.56,8.39,25,16,54,23,23,1,6,0,0,1,2,-1
"EVGENY.KUZNETSOV","F","20182019","WSH",40,557.98,1,13,8,22,70,99,119,6.05,1.43,1.01,6.11,11,24,20,32,25,16,7,0,0,202,310,-108
"FILIP.CHYTIL","F","20182019","NYR",46,578.95,5,5,1,11,72,101,135,6.82,6.94,4.95,6.75,18,12,65,28,17,2,11,0,0,31,60,-29
"FILIP.FORSBERG","F","20182019","NSH",32,438.28,10,4,4,18,76,112,147,7.39,13.16,8.93,6.6,12,34,25,22,22,6,13,0,0,0,1,-1
"FILIP.HRONEK","D","20182019","DET",21,346.27,2,2,3,7,35,50,76,1.39,5.71,4,2.78,14,20,24,15,4,8,5,0,0,0,0,0
"FRANK.VATRANO","F","20182019","FLA",44,533.8,11,1,1,13,96,120,156,6.8,11.46,9.17,5.67,34,55,39,9,19,13,12,0,0,10,16,-6
"FRANS.NIELSEN","F","20182019","DET",44,560,7,5,5,17,58,68,86,5.2,12.07,10.29,7.65,25,44,47,14,9,2,1,0,0,250,235,15
"FREDERICK.GAUDREAU","F","20182019","NSH",39,348.02,3,0,0,3,26,42,50,3.93,11.54,7.14,9.36,13,16,19,7,9,0,4,0,0,121,130,-9
"FREDERIK.GAUTHIER","F","20182019","TOR",37,296.32,2,2,3,7,26,35,48,2.75,7.69,5.71,7.86,13,44,35,7,6,4,1,0,0,121,103,18
"FREDRIK.CLAESSON","D","20182019","NYR",26,413.18,2,2,0,4,30,51,75,1.17,6.67,3.92,2.29,22,48,59,20,5,1,1,1,1,0,0,0
"GABRIEL.BOURQUE","F","20182019","COL",34,247.07,0,3,0,3,16,30,34,1.76,0,0,5.87,25,51,32,3,2,2,3,0,0,3,4,-1
"GABRIEL.LANDESKOG","F","20182019","COL",47,762.8,14,7,4,25,111,149,168,10.03,12.61,9.4,6.73,34,60,52,21,23,11,15,0,0,162,141,21
"GARNET.HATHAWAY","F","20182019","CGY",42,347.87,4,0,1,5,27,40,55,2.74,14.81,10,6.85,16,103,55,13,13,7,9,1,1,2,1,1
"GARRETT.WILSON","F","20182019","PIT",17,121.72,0,1,1,2,13,21,24,1.69,0,0,8.05,3,40,21,0,3,2,5,0,0,0,2,-2
"GAVIN.BAYREUTHER","D","20182019","DAL",19,306.02,1,1,0,2,22,36,58,1.09,4.55,2.78,3.03,18,10,30,10,3,4,1,0,0,0,0,0
"GEMEL.SMITH","F","20182019","DAL",14,111.38,2,1,0,3,10,10,12,0.97,20,20,9.7,3,11,14,2,3,0,1,0,0,2,2,0
"GREG.MCKEGG","F","20182019","CAR",7,89.5,2,2,0,4,9,11,12,1.21,22.22,18.18,11,3,4,10,1,2,2,1,0,0,32,32,0
"GREG.PATERYN","D","20182019","MIN",46,668.15,0,1,0,1,48,72,103,1.21,0,0,1.68,59,70,50,8,5,8,3,1,1,0,0,0
"GUSTAV.FORSLING","D","20182019","CHI",19,314.12,2,0,4,6,28,33,47,1.37,7.14,6.06,4.15,14,12,31,9,5,7,2,0,0,0,0,0
"GUSTAV.NYQUIST","F","20182019","DET",48,738.33,8,11,8,27,104,134,178,7.89,7.69,5.97,5.89,12,18,29,36,26,2,7,0,0,7,4,3
"HAMPUS.LINDHOLM","D","20182019","ANA",42,839.1,1,3,6,10,59,89,135,3.63,1.69,1.12,4.08,63,46,59,46,13,5,2,0,0,0,0,0
"HAYDN.FLEURY","D","20182019","CAR",10,128.32,0,1,0,1,6,11,15,0.16,0,0,1.45,9,15,25,4,1,0,1,0,0,0,0,0
"HENRI.JOKIHARJU","D","20182019","CHI",36,616.57,0,5,3,8,56,78,124,2,0,0,2.56,32,43,40,24,6,7,2,0,0,0,0,0
"HENRIK.BORGSTROM","F","20182019","FLA",15,206.6,3,1,1,5,25,26,32,1.9,12,11.54,7.31,7,6,12,6,7,0,0,0,0,73,97,-24
"IAN.COLE","D","20182019","COL",47,774.95,1,1,7,9,48,75,112,1.95,2.08,1.33,2.6,81,63,74,28,15,15,4,3,3,0,0,0
"IGOR.OZHIGANOV","D","20182019","TOR",39,552.53,3,2,2,7,31,54,95,1.1,9.68,5.56,2.04,41,41,54,23,8,6,1,0,0,0,0,0
"ILYA.KOVALCHUK","F","20182019","L.A",38,512.62,5,4,3,12,50,71,93,5.9,10,7.04,8.31,13,20,17,19,12,4,5,0,0,9,15,-6
"ILYA.LYUBUSHKIN","D","20182019","ARI",27,364.75,0,2,1,3,16,32,46,0.78,0,0,2.44,27,98,45,11,5,2,3,0,0,0,0,0
"ISAC.LUNDESTROM","F","20182019","ANA",15,177.38,0,1,1,2,13,15,18,1.22,0,0,8.13,5,4,12,5,2,1,3,0,0,21,40,-19
"IVAN.BARBASHEV","F","20182019","STL",44,416.1,5,5,1,11,19,30,44,2.29,26.32,16.67,7.63,15,41,32,4,18,2,6,1,1,81,82,-1
"IVAN.PROVOROV","D","20182019","PHI",47,915.68,4,1,8,13,60,82,141,3.39,6.67,4.88,4.13,63,51,54,30,5,7,2,0,0,0,0,0
"JACCOB.SLAVIN","D","20182019","CAR",46,825.23,2,4,6,12,66,93,128,2.55,3.03,2.15,2.74,58,28,85,32,44,4,1,0,0,0,0,0
"JACK.EICHEL","F","20182019","BUF",44,655.17,9,15,6,30,128,154,181,9.33,7.03,5.84,6.06,20,32,58,26,25,3,11,0,0,253,296,-43
"JACK.JOHNSON","D","20182019","PIT",46,734.33,0,3,3,6,38,56,101,1.72,0,0,3.07,66,118,83,11,5,8,7,0,0,0,0,0
"JACK.ROSLOVIC","F","20182019","WPG",46,379.22,2,4,3,9,33,41,56,2.56,6.06,4.88,6.24,14,15,28,13,12,1,7,0,0,79,101,-22
"JACOB.DE LA ROSE","F","20182019","DET",36,376.93,3,1,3,7,30,38,50,3.62,10,7.89,9.53,14,41,33,8,10,5,2,0,0,90,127,-37
"JACOB.LARSSON","D","20182019","ANA",36,540.78,0,1,1,2,37,55,80,1.35,0,0,2.45,41,28,58,19,5,4,1,0,0,0,0,0
"JACOB.TROUBA","D","20182019","WPG",47,861.67,2,8,6,16,71,117,183,3.52,2.82,1.71,3.01,81,52,37,39,19,12,3,0,0,0,0,0
"JADEN.SCHWARTZ","F","20182019","STL",33,483.73,2,9,6,17,72,96,124,6.96,2.78,2.08,7.25,12,26,39,13,26,1,9,0,0,4,8,-4
"JAKE.DEBRUSK","F","20182019","BOS",39,508.08,9,1,1,11,74,106,133,6.58,12.16,8.49,6.21,12,29,53,16,23,3,3,0,0,5,17,-12
"JAKE.DOTCHIN","D","20182019","ANA",20,221.3,0,0,0,0,7,12,25,0.25,0,0,2.08,13,51,14,7,4,4,2,1,1,0,0,0
"JAKE.GARDINER","D","20182019","TOR",46,873.6,2,7,9,18,47,81,148,2.34,4.26,2.47,2.89,47,44,68,38,20,6,2,0,0,0,1,-1
"JAKE.GUENTZEL","F","20182019","PIT",46,711.45,17,8,9,34,99,130,163,10.51,17.17,13.08,8.08,22,57,84,17,23,5,12,0,0,5,9,-4
"JAKE.MCCABE","D","20182019","BUF",37,609.95,3,2,5,10,38,59,88,1.52,7.89,5.08,2.58,50,53,71,13,15,11,6,0,0,0,0,0
"JAKE.MUZZIN","D","20182019","L.A",48,862.55,4,8,6,18,65,91,144,2.24,6.15,4.4,2.46,68,97,66,49,7,13,6,1,1,0,0,0
"JAKE.VIRTANEN","F","20182019","VAN",48,638.5,8,4,1,13,94,131,169,7.4,8.51,6.11,5.65,22,95,56,12,30,12,5,0,0,1,7,-6
"JAKOB.CHYCHRUN","D","20182019","ARI",28,484.52,1,3,3,7,45,73,98,1.7,2.22,1.37,2.33,41,35,31,20,10,4,6,0,0,0,0,0
"JAKOB.FORSBACKA KARLSSON","F","20182019","BOS",27,300.95,3,2,2,7,20,23,32,3.39,15,13.04,14.74,9,12,33,3,8,1,0,0,0,90,126,-36
"JAKOB.SILFVERBERG","F","20182019","ANA",42,530.57,7,0,3,10,76,111,138,6.06,9.21,6.31,5.46,18,19,67,14,13,7,6,0,0,6,10,-4
"JAKUB.VORACEK","F","20182019","PHI",47,677.23,8,8,4,20,78,113,148,6.59,10.26,7.08,5.83,17,11,44,26,19,5,12,0,0,7,9,-2
"JAKUB.VRANA","F","20182019","WSH",46,592.25,14,6,4,24,86,123,150,9.27,16.28,11.38,7.54,21,27,27,38,20,7,8,0,0,4,2,2
"JAMES.NEAL","F","20182019","CGY",46,592.92,4,3,1,8,82,115,144,6.39,4.88,3.48,5.56,15,31,35,18,9,9,7,0,0,4,6,-2
"JAMES.VAN RIEMSDYK","F","20182019","PHI",31,399.57,4,4,4,12,43,57,88,3.71,9.3,7.02,6.51,8,11,23,9,10,5,2,0,0,5,2,3
"JAMIE.BENN","F","20182019","DAL",47,675.45,11,7,5,23,82,106,142,9.82,13.41,10.38,9.26,45,71,38,32,19,8,6,2,2,100,98,2
"JAMIE.OLEKSIAK","D","20182019","PIT",36,545.83,4,2,5,11,35,53,79,1.74,11.43,7.55,3.28,35,95,65,22,5,11,8,3,3,0,0,0
"JANNE.KUOKKANEN","F","20182019","CAR",7,59.43,0,0,0,0,4,6,8,0.5,0,0,8.33,3,0,9,0,2,2,2,0,0,0,0,0
"JAN.RUTTA","D","20182019","CHI",23,336.75,2,2,2,6,21,29,46,0.67,9.52,6.9,2.31,16,18,20,5,1,6,2,0,0,0,0,0
"JARED.MCCANN","F","20182019","FLA",43,519.53,5,6,2,13,60,78,100,4.32,8.33,6.41,5.54,20,41,36,22,18,7,6,0,0,169,201,-32
"JARED.SPURGEON","D","20182019","MIN",47,843.87,6,6,8,20,68,98,143,3.3,8.82,6.12,3.37,61,42,59,9,11,4,1,0,0,0,0,0
"JASON.DEMERS","D","20182019","ARI",18,313.25,1,1,1,3,21,30,39,0.76,4.76,3.33,2.53,11,17,16,9,4,3,3,0,0,0,0,0
"JASON.DICKINSON","F","20182019","DAL",35,388.93,5,3,3,11,37,49,59,4.45,13.51,10.2,9.08,23,54,42,13,11,7,1,0,0,116,110,6
"JASON.GARRISON","D","20182019","EDM",17,177.62,0,0,0,0,14,19,23,0.31,0,0,1.63,19,12,4,5,2,2,0,0,0,0,0,0
"JASON.POMINVILLE","F","20182019","BUF",42,477.75,9,4,4,17,61,82,94,5.12,14.75,10.98,6.24,14,10,39,13,6,2,4,0,0,7,11,-4
"JASON.SPEZZA","F","20182019","DAL",46,511.9,5,3,5,13,52,71,92,4.35,9.62,7.04,6.13,18,9,23,30,12,3,6,1,0,257,180,77
"JASON.ZUCKER","F","20182019","MIN",46,657.65,9,6,1,16,108,153,183,10.96,8.33,5.88,7.16,18,45,38,12,23,6,15,0,0,0,2,-2
"JAY.BEAGLE","F","20182019","VAN",24,254.27,0,2,1,3,14,18,22,1,0,0,5.56,14,46,18,3,4,1,1,0,0,124,117,7
"JAY.BOUWMEESTER","D","20182019","STL",42,717.22,2,4,3,9,42,57,85,2.18,4.76,3.51,3.82,62,21,42,26,13,8,0,0,0,0,0,0
"JAYCE.HAWRYLUK","F","20182019","FLA",13,107.52,3,0,0,3,10,12,14,1.03,30,25,8.58,6,35,14,4,2,4,1,0,0,0,0,0
"JEAN-GABRIEL.PAGEAU","F","20182019","OTT",5,76.17,1,0,0,1,11,14,20,0.57,9.09,7.14,4.07,2,9,5,3,1,0,1,0,0,37,19,18
"JEAN-SEBASTIEN.DEA","F","20182019","N.J",20,192.4,3,0,2,5,25,33,43,2.93,12,9.09,8.88,11,18,21,6,13,3,2,0,0,45,43,2
"JEFF.CARTER","F","20182019","L.A",47,655.98,5,2,2,9,72,111,143,6.76,6.94,4.5,6.09,20,48,24,19,9,11,1,0,0,292,270,22
"JEFF.PETRY","D","20182019","MTL",48,842.13,7,5,8,20,76,115,184,3.49,9.21,6.09,3.03,50,111,75,54,12,8,4,0,0,0,0,0
"JEFF.SKINNER","F","20182019","BUF",47,688.2,20,7,3,30,109,139,171,10.22,18.35,14.39,7.35,14,16,29,18,37,4,16,0,0,45,60,-15
"JEREMY.LAUZON","D","20182019","BOS",15,198.55,1,0,0,1,8,14,25,0.28,12.5,7.14,2,10,8,18,4,3,1,0,0,0,0,0,0
"JESPER.BRATT","F","20182019","N.J",33,403.25,3,7,2,12,51,61,72,3.43,5.88,4.92,5.62,12,20,31,7,8,3,6,0,0,1,1,0
"JESPER.FAST","F","20182019","NYR",42,575.42,7,2,7,16,55,65,81,7.49,12.73,10.77,11.52,27,71,61,14,13,8,12,0,0,4,8,-4
"JESPERI.KOTKANIEMI","F","20182019","MTL",48,563.85,6,7,6,19,74,98,149,5.2,8.11,6.12,5.31,21,28,48,22,22,7,10,0,0,203,229,-26
"JESSE.PULJUJARVI","F","20182019","EDM",36,417.7,4,1,2,7,40,58,83,3.89,10,6.9,6.71,20,28,45,24,17,6,3,0,0,2,1,1
"JIMMY.VESEY","F","20182019","NYR",46,597.9,9,8,2,19,77,95,124,7.71,11.69,9.47,8.12,21,37,44,28,28,4,2,1,1,3,11,-8
"JOAKIM.NORDSTROM","F","20182019","BOS",39,487.4,5,1,1,7,62,83,95,4.17,8.06,6.02,5.02,26,50,46,12,15,2,8,1,1,31,51,-20
"JOAKIM.RYAN","D","20182019","S.J",31,365.65,0,0,5,5,24,30,47,0.62,0,0,2.07,34,22,31,3,8,2,2,1,1,0,0,0
"JOE.HICKETTS","D","20182019","DET",8,113.02,0,0,0,0,9,12,17,0.27,0,0,2.25,7,14,13,3,1,0,0,0,0,0,0,0
"JOEL.ARMIA","F","20182019","MTL",23,282.67,2,3,1,6,42,53,76,3.03,4.76,3.77,5.72,6,39,22,11,18,3,4,0,0,2,10,-8
"JOEL.EDMUNDSON","D","20182019","STL",41,709.75,1,6,0,7,58,76,124,1.64,1.72,1.32,2.16,56,82,32,22,5,19,2,1,1,0,0,0
"JOEL.ERIKSSON EK","F","20182019","MIN",33,368.57,2,3,0,5,50,61,75,4.16,4,3.28,6.82,10,54,53,2,8,3,7,0,0,115,105,10
"JOEL.HANLEY","D","20182019","DAL",16,207.57,0,0,0,0,9,17,24,0.44,0,0,2.59,14,16,24,9,3,1,2,0,0,0,0,0
"JOE.MORROW","D","20182019","WPG",28,384.67,0,2,1,3,31,53,81,1.1,0,0,2.08,24,25,25,22,4,2,1,0,0,0,0,0
"JOE.PAVELSKI","F","20182019","S.J",49,717.65,16,5,3,24,89,118,141,12.67,17.98,13.56,10.74,33,45,30,25,19,6,13,0,0,277,232,45
"JOE.THORNTON","F","20182019","S.J",40,539.05,6,4,5,15,40,52,61,4.38,15,11.54,8.42,7,8,17,23,13,4,3,0,0,168,160,8
"JOEY.ANDERSON","F","20182019","N.J",11,109.13,1,1,0,2,17,20,27,0.53,5.88,5,2.65,3,15,14,0,3,1,0,0,0,0,1,-1
"JOHAN.LARSSON","F","20182019","BUF",41,479.55,3,2,1,6,46,68,87,3.5,6.52,4.41,5.15,17,49,56,14,12,9,8,1,1,238,204,34
"JOHN.CARLSON","D","20182019","WSH",45,803,4,9,9,22,74,102,147,3.11,5.41,3.92,3.05,53,21,43,33,18,5,4,0,0,0,0,0
"JOHN.HAYDEN","F","20182019","CHI",33,303.93,2,1,0,3,21,36,52,2.62,9.52,5.56,7.28,18,50,39,3,6,3,2,1,1,1,11,-10
"JOHN.KLINGBERG","D","20182019","DAL",30,600.25,3,2,6,11,57,75,113,2.16,5.26,4,2.88,33,22,45,31,9,2,5,0,0,0,0,0
"JOHN.MOORE","D","20182019","BOS",42,699.48,0,4,3,7,59,70,102,1.85,0,0,2.64,49,55,77,11,5,9,7,0,0,0,0,0
"JOHNNY.BOYCHUK","D","20182019","NYI",45,710.3,2,3,4,9,94,134,183,2.71,2.13,1.49,2.02,45,92,76,27,4,1,4,1,1,0,0,0
"JOHNNY.GAUDREAU","F","20182019","CGY",48,780.23,21,15,7,43,123,162,203,12.46,17.07,12.96,7.69,4,3,30,56,38,3,17,0,0,0,1,-1
"JOHN.QUENNEVILLE","F","20182019","N.J",15,156.27,0,0,0,0,11,19,25,1.02,0,0,5.37,5,18,21,2,4,2,4,0,0,4,6,-2
"JOHN.TAVARES","F","20182019","TOR",46,705.45,22,11,5,38,117,153,192,13.12,18.8,14.38,8.58,22,27,62,32,29,10,13,0,0,355,318,37
"JONAS.BRODIN","D","20182019","MIN",47,839.2,3,2,5,10,53,67,112,1.67,5.66,4.48,2.49,60,32,59,13,15,9,4,0,0,0,0,0
"JONAS.SIEGENTHALER","D","20182019","WSH",19,246.73,0,2,2,4,7,16,28,0.31,0,0,1.94,29,20,26,13,1,3,0,0,0,0,0,0
"JONATHAN.DROUIN","F","20182019","MTL",48,656.98,8,11,2,21,91,113,146,6.32,8.79,7.08,5.59,19,31,27,22,32,7,8,0,1,11,25,-14
"JONATHAN.ERICSSON","D","20182019","DET",30,473.93,3,1,1,5,29,42,64,0.73,10.34,7.14,1.74,23,43,28,26,2,12,3,0,0,0,0,0
"JONATHAN.HUBERDEAU","F","20182019","FLA",45,647.95,6,15,4,25,79,108,134,7.31,7.59,5.56,6.77,27,28,35,34,22,4,9,0,0,3,5,-2
"JONATHAN.MARCHESSAULT","F","20182019","VGK",49,749.93,7,5,3,15,127,168,212,8.55,5.51,4.17,5.09,10,50,63,39,27,10,10,0,0,60,110,-50
"JONATHAN.TOEWS","F","20182019","CHI",49,724.32,12,10,3,25,78,100,132,8.37,15.38,12,8.37,13,16,69,22,35,7,12,0,0,412,324,88
"JON.MERRILL","D","20182019","VGK",28,423.18,1,1,3,5,34,51,73,1.19,2.94,1.96,2.33,30,28,83,13,7,7,1,1,1,0,0,0
"JOONAS.DONSKOI","F","20182019","S.J",49,620.53,13,3,5,21,69,90,110,8.95,18.84,14.44,9.94,23,28,78,19,19,3,11,0,0,1,8,-7
"JORDAN.EBERLE","F","20182019","NYI",42,546.6,6,5,4,15,61,88,101,6.69,9.84,6.82,7.6,17,24,60,11,17,5,4,0,0,3,5,-2
"JORDAN.GREENWAY","F","20182019","MIN",46,549.97,8,3,3,14,54,77,100,5.81,14.81,10.39,7.55,15,33,66,11,16,7,8,0,0,18,33,-15
"JORDAN.KYROU","F","20182019","STL",14,137.83,1,2,0,3,16,19,23,0.94,6.25,5.26,4.95,3,2,20,3,3,1,2,0,0,2,0,2
"JORDAN.MARTINOOK","F","20182019","CAR",46,581.28,7,2,0,9,82,121,151,11.28,8.54,5.79,9.32,22,113,75,10,23,8,9,0,0,32,32,0
"JORDAN.NOLAN","F","20182019","STL",12,84.97,0,1,1,2,11,17,20,0.46,0,0,2.71,3,19,0,0,1,2,0,0,0,0,0,0
"JORDAN.OESTERLE","D","20182019","ARI",37,570.8,2,1,3,6,39,63,99,1.49,5.13,3.17,2.37,64,22,55,22,8,3,1,0,0,0,0,0
"JORDAN.SCHMALTZ","D","20182019","STL",20,218.15,0,1,0,1,11,13,19,0.43,0,0,3.31,21,9,15,3,1,0,1,0,0,0,0,0
"JORDAN.STAAL","F","20182019","CAR",29,413.82,4,1,3,8,65,80,95,6.79,6.15,5,8.49,6,76,44,10,20,7,5,0,0,249,189,60
"JORDAN.WEAL","F","20182019","PHI",28,347.55,2,3,1,6,29,40,50,2.83,6.9,5,7.08,8,8,37,8,7,4,1,0,0,154,99,55
"JORDIE.BENN","D","20182019","MTL",47,700.93,2,3,5,10,38,58,95,1.13,5.26,3.45,1.95,62,75,69,40,6,7,2,1,1,0,0,0
"JORI.LEHTERA","F","20182019","PHI",26,190.58,1,1,0,2,16,17,20,1.3,6.25,5.88,7.65,7,23,25,4,4,9,3,0,0,62,52,10
"JOSH.ANDERSON","F","20182019","CBJ",46,616.15,11,2,4,17,111,152,182,9.69,9.91,7.24,6.38,19,111,48,9,19,12,11,2,2,2,7,-5
"JOSH.ARCHIBALD","F","20182019","ARI",32,355.12,3,2,2,7,31,46,59,3.4,9.68,6.52,7.39,18,69,50,3,6,2,1,1,1,5,8,-3
"JOSH.BAILEY","F","20182019","NYI",46,649.05,6,13,2,21,50,67,93,4.79,12,8.96,7.15,16,13,21,37,18,3,3,1,1,62,54,8
"JOSH.LEIVO","F","20182019","TOR",27,231.73,2,1,0,3,27,44,55,2.34,7.41,4.55,5.32,4,22,27,14,15,1,3,1,1,5,4,1
"JOSH.LEIVO","F","20182019","VAN",16,167.77,4,1,0,5,24,31,41,2.11,16.67,12.9,6.81,4,12,14,1,1,2,1,0,0,1,0,1
"JOSH.MAHURA","D","20182019","ANA",17,224.83,1,0,1,2,18,24,40,0.8,5.56,4.17,3.33,18,6,36,8,6,2,0,0,0,0,0,0
"JOSH.MANSON","D","20182019","ANA",44,849.63,3,6,1,10,57,71,107,2.54,5.26,4.23,3.58,40,101,51,37,16,17,5,1,1,0,0,0
"JOSH.MORRISSEY","D","20182019","WPG",45,803.45,2,5,8,15,69,91,128,3.02,2.9,2.2,3.32,67,38,48,21,25,5,3,0,0,0,0,0
"JOSHUA.HO-SANG","F","20182019","NYI",10,125.55,1,1,0,2,8,10,12,0.66,12.5,10,6.6,3,0,7,4,3,3,2,0,0,0,1,-1
"J.T..BROWN","F","20182019","MIN",34,296.85,1,1,2,4,37,43,58,2.31,2.7,2.33,5.37,6,66,24,2,11,6,3,0,0,4,10,-6
"J.T..COMPHER","F","20182019","COL",31,342.87,5,4,1,10,44,58,69,5.03,11.36,8.62,8.67,14,11,26,5,4,4,8,1,1,94,93,1
"J.T..MILLER","F","20182019","T.B",42,485.17,4,2,6,12,47,66,84,4.95,8.51,6.06,7.5,9,57,36,15,16,5,8,0,0,83,105,-22
"JUHO.LAMMIKKO","F","20182019","FLA",40,362.08,0,4,1,5,36,50,69,3.03,0,0,6.06,14,41,12,11,9,3,2,0,0,119,156,-37
"JUJHAR.KHAIRA","F","20182019","EDM",43,447.73,2,8,1,11,32,46,59,3.25,6.25,4.35,7.07,20,92,57,19,14,7,3,1,1,34,52,-18
"JULIUS.HONKA","D","20182019","DAL",29,374.38,0,4,0,4,37,46,62,1.52,0,0,3.3,29,15,54,24,4,5,3,0,0,0,1,-1
"JUSTIN.ABDELKADER","F","20182019","DET",48,646.72,2,2,5,9,56,84,101,6.77,3.57,2.38,8.06,19,113,49,29,4,6,5,2,2,32,27,5
"JUSTIN.BRAUN","D","20182019","S.J",45,773.32,1,5,5,11,62,90,130,1.76,1.61,1.11,1.96,56,65,80,30,15,6,2,0,0,0,0,0
"JUSTIN.DOWLING","F","20182019","DAL",6,70.9,0,1,0,1,4,7,13,0.77,0,0,11,3,6,9,2,3,0,0,0,0,10,12,-2
"JUSTIN.FALK","D","20182019","OTT",10,117.72,0,0,0,0,7,11,15,0.32,0,0,2.91,7,35,16,2,1,3,1,1,1,0,0,0
"JUSTIN.FAULK","D","20182019","CAR",46,769.85,1,8,2,11,89,119,172,3.25,1.12,0.84,2.73,51,71,39,26,17,12,3,0,0,0,0,0
"JUSTIN.WILLIAMS","F","20182019","CAR",46,614.17,6,6,4,16,87,112,136,9.37,6.9,5.36,8.37,10,34,67,39,26,9,10,0,0,17,34,-17
"JUUSO.RIIKOLA","D","20182019","PIT",23,351.52,0,0,1,1,28,34,55,0.97,0,0,2.85,26,50,48,11,8,4,2,0,0,0,0,0
"JUUSO.VALIMAKI","D","20182019","CGY",22,300.65,1,0,1,2,22,30,56,0.82,4.55,3.33,2.73,35,17,37,12,7,6,4,0,0,0,0,0
"KAILER.YAMAMOTO","F","20182019","EDM",14,172.8,1,0,0,1,10,16,19,1.31,10,6.25,8.19,10,13,20,3,3,0,3,0,0,0,0,0
"KALLE.KOSSILA","F","20182019","ANA",8,66.65,1,0,0,1,11,12,17,0.58,9.09,8.33,4.83,3,5,9,2,0,1,0,0,0,25,23,2
"KARL.ALZNER","D","20182019","MTL",9,135.52,0,1,0,1,7,11,18,0.14,0,0,1.27,9,13,22,6,1,1,1,0,0,0,0,0
"KASPERI.KAPANEN","F","20182019","TOR",46,639.25,14,8,5,27,88,128,164,11.08,15.91,10.94,8.66,7,46,47,20,20,6,4,0,0,2,1,1
"KEITH.YANDLE","D","20182019","FLA",45,782.78,1,4,4,9,69,91,134,1.96,1.45,1.1,2.15,34,21,14,38,3,8,7,0,0,0,0,0
"KENNY.AGOSTINO","F","20182019","MTL",33,335.32,2,1,4,7,32,46,58,2.31,6.25,4.35,5.02,3,77,35,9,11,4,2,1,1,6,11,-5
"KEVAN.MILLER","D","20182019","BOS",22,363.55,0,1,2,3,25,34,48,0.63,0,0,1.85,37,40,52,14,11,3,3,2,2,0,0,0
"KEVIN.CONNAUTON","D","20182019","ARI",33,525.97,0,0,2,2,48,79,123,1.69,0,0,2.14,41,56,44,16,3,9,5,0,0,0,0,0
"KEVIN.FIALA","F","20182019","NSH",49,621.52,7,11,3,21,75,118,149,7.77,9.33,5.93,6.58,9,22,42,35,23,7,4,0,0,2,2,0
"KEVIN.GRAVEL","D","20182019","EDM",28,366.43,0,1,1,2,30,46,71,0.91,0,0,1.98,42,20,39,13,6,1,4,0,0,0,0,0
"KEVIN.HAYES","F","20182019","NYR",39,561.88,5,10,7,22,62,87,126,6.65,8.06,5.75,7.64,7,35,23,28,33,3,11,0,0,215,220,-5
"KEVIN.LABANC","F","20182019","S.J",49,556.75,4,7,6,17,61,90,119,6.91,6.56,4.44,7.68,7,34,43,22,12,13,9,0,0,6,7,-1
"KEVIN.ROONEY","F","20182019","N.J",8,62.1,1,0,0,1,4,7,8,0.79,25,14.29,11.29,0,12,6,1,0,2,2,1,1,22,32,-10
"KEVIN.SHATTENKIRK","D","20182019","NYR",39,608.95,1,4,4,9,49,69,115,1.53,2.04,1.45,2.22,58,36,55,20,16,1,3,0,0,0,0,0
"KIEFER.SHERWOOD","F","20182019","ANA",46,496.18,5,0,4,9,49,76,95,4.96,10.2,6.58,6.53,16,75,56,18,16,3,5,0,0,5,6,-1
"KRIS.LETANG","D","20182019","PIT",44,864.75,7,8,6,21,111,141,190,3.77,6.31,4.96,2.67,63,59,60,33,36,9,6,0,0,0,0,0
"KRIS.RUSSELL","D","20182019","EDM",37,662.67,2,3,4,9,31,47,77,1.46,6.45,4.26,3.11,76,36,61,35,13,2,1,0,0,0,0,0
"KYLE.BRODZIAK","F","20182019","EDM",45,463.95,3,1,1,5,40,66,81,4.59,7.5,4.55,6.95,26,59,38,12,16,5,2,0,0,232,201,31
"KYLE.CLIFFORD","F","20182019","L.A",38,343.3,6,0,1,7,50,73,88,5.43,12,8.22,7.44,8,51,49,6,5,7,4,3,3,0,2,-2
"KYLE.CONNOR","F","20182019","WPG",47,686.35,6,8,3,17,98,119,152,7.73,6.12,5.04,6.5,8,5,40,16,35,5,2,0,0,0,0,0
"KYLE.OKPOSO","F","20182019","BUF",47,542.93,4,4,4,12,67,88,108,4.75,5.97,4.55,5.4,12,53,47,11,7,13,5,0,0,42,42,0
"KYLE.PALMIERI","F","20182019","N.J",47,649.95,14,6,3,23,92,120,141,8.34,15.22,11.67,6.95,22,61,69,22,22,12,12,0,0,17,51,-34
"KYLE.TURRIS","F","20182019","NSH",30,389.97,3,9,0,12,32,47,61,2.06,9.38,6.38,4.38,7,13,31,6,11,3,3,1,1,147,148,-1
"LARS.ELLER","F","20182019","WSH",46,575.5,6,7,3,16,75,107,129,6.29,8,5.61,5.88,11,28,52,26,25,12,11,1,1,234,238,-4
"LAWRENCE.PILUT","D","20182019","BUF",15,250.45,1,3,1,5,16,24,32,0.4,6.25,4.17,1.67,12,11,20,7,3,2,1,0,0,0,0,0
"LAWSON.CROUSE","F","20182019","ARI",45,468.62,5,3,1,9,57,80,94,5.4,8.77,6.25,6.75,14,137,34,11,12,11,10,1,1,7,9,-2
"LEO.KOMAROV","F","20182019","NYI",46,544.12,2,6,5,13,33,50,58,3.63,6.06,4,7.26,16,103,36,9,18,11,12,0,0,33,36,-3
"LEON.DRAISAITL","F","20182019","EDM",47,790.05,17,10,9,36,77,107,132,9.13,22.08,15.89,8.53,11,30,71,48,30,8,11,0,0,269,263,6
"LIAS.ANDERSSON","F","20182019","NYR",21,209.6,1,2,1,4,22,26,32,1.81,4.55,3.85,6.96,4,35,32,8,6,5,3,0,0,24,31,-7
"LIBOR.SULAK","D","20182019","DET",6,102.85,0,0,0,0,7,11,16,0.65,0,0,5.91,3,15,7,9,3,2,1,0,0,0,0,0
"LOGAN.COUTURE","F","20182019","S.J",49,669.23,12,11,6,29,68,101,127,8.13,17.65,11.88,8.05,30,30,42,22,32,3,5,0,0,146,156,-10
"LOUI.ERIKSSON","F","20182019","VAN",48,569.85,6,4,4,14,51,73,88,4.96,11.76,8.22,6.79,13,1,29,4,14,5,4,0,0,1,2,-1
"LUCA.SBISA","D","20182019","NYI",9,122.68,0,0,1,1,4,7,16,0.18,0,0,2.57,5,16,16,3,0,1,0,0,0,0,0,0
"LUCAS.WALLMARK","F","20182019","CAR",46,576.23,3,2,3,8,76,97,120,7.89,3.95,3.09,8.13,16,53,28,15,12,8,3,0,0,297,269,28
"LUKAS.RADIL","F","20182019","S.J",24,253.98,5,3,1,9,31,46,57,3.54,16.13,10.87,7.7,5,14,43,7,10,3,4,0,0,4,2,2
"LUKAS.SEDLAK","F","20182019","CBJ",31,254.2,2,1,1,4,24,35,37,2.97,8.33,5.71,8.49,11,49,52,7,3,4,6,0,0,39,33,6
"LUKE.GLENDENING","F","20182019","DET",48,613.53,5,5,3,13,45,76,89,5.32,11.11,6.58,7,46,106,56,15,13,3,0,1,1,367,247,120
"LUKE.JOHNSON","F","20182019","CHI",15,135.85,0,0,0,0,18,21,25,1.24,0,0,5.9,7,29,24,1,6,2,0,0,0,46,42,4
"LUKE.KUNIN","F","20182019","MIN",18,216.6,1,4,0,5,25,35,43,1.83,4,2.86,5.23,11,35,30,6,6,2,3,1,1,4,6,-2
"LUKE.SCHENN","D","20182019","ANA",8,87.32,0,0,0,0,6,7,14,0.53,0,0,7.57,7,22,13,4,0,1,0,1,1,0,0,0
"LUKE.WITKOWSKI","F","20182019","DET",17,129.3,0,2,0,2,8,10,12,0.2,0,0,2,9,26,9,5,1,0,2,2,2,0,0,0
"MACKENZIE.WEEGAR","D","20182019","FLA",42,605.17,1,3,2,6,54,67,97,2.01,1.85,1.49,3,45,62,83,27,21,5,3,1,2,1,0,1
"MADISON.BOWEY","D","20182019","WSH",30,389.08,1,1,4,6,27,42,66,1.03,3.7,2.38,2.45,38,41,39,14,5,14,4,1,2,0,0,0
"MAGNUS.PAAJARVI","F","20182019","OTT",45,474.75,1,0,1,2,49,64,76,3.54,2.04,1.56,5.53,30,34,35,12,10,1,1,0,0,1,2,-1
"MARC-EDOUARD.VLASIC","D","20182019","S.J",42,763.55,1,3,5,9,49,78,123,2.52,2.04,1.28,3.23,57,9,49,22,10,4,4,0,0,0,0,0
"MARC.METHOT","D","20182019","DAL",9,135.97,0,0,0,0,3,5,6,0.11,0,0,2.2,10,14,5,2,0,3,1,0,0,0,0,0
"MARCO.SCANDELLA","D","20182019","BUF",38,588.07,3,1,4,8,51,68,101,1.78,5.88,4.41,2.62,38,29,31,21,12,7,3,0,0,0,0,0
"MARC.STAAL","D","20182019","NYR",47,762.33,3,3,5,11,48,68,109,2.2,6.25,4.41,3.24,50,57,33,28,12,9,5,0,0,0,0,0
"MARCUS.FOLIGNO","F","20182019","MIN",47,451.95,3,3,0,6,44,64,73,5.1,6.82,4.69,7.97,17,120,36,5,10,6,7,3,3,7,3,4
"MARCUS.JOHANSSON","F","20182019","N.J",35,441.17,3,2,3,8,59,77,98,4.36,5.08,3.9,5.66,9,14,42,16,18,3,3,0,0,4,11,-7
"MARCUS.KRUGER","F","20182019","CHI",42,356.72,4,1,1,6,34,45,50,3.07,11.76,8.89,6.82,17,27,40,2,5,8,2,0,0,98,114,-16
"MARCUS.PETTERSSON","D","20182019","ANA",27,340.37,0,5,0,5,15,31,43,0.86,0,0,2.77,24,16,48,10,1,5,3,1,1,0,0,0
"MARCUS.PETTERSSON","D","20182019","PIT",21,311.77,0,1,5,6,22,38,62,0.75,0,0,1.97,24,29,59,8,7,4,0,2,2,0,0,0
"MARCUS.SORENSEN","F","20182019","S.J",49,561.5,7,5,1,13,59,78,98,6.96,11.86,8.97,8.92,12,48,50,13,17,5,13,1,1,10,7,3
"MARIO.KEMPE","F","20182019","ARI",25,245.22,2,2,1,5,23,30,44,1.46,8.7,6.67,4.87,16,54,54,6,4,2,2,0,0,55,87,-32
"MARK.BARBERIO","D","20182019","COL",11,141.73,1,0,0,1,6,12,19,0.19,16.67,8.33,1.58,9,12,15,7,2,2,0,0,0,0,0,0
"MARK.BOROWIECKI","D","20182019","OTT",30,411.1,0,2,1,3,31,60,82,1.53,0,0,2.55,38,103,53,13,2,10,4,4,4,0,0,0
"MARK.GIORDANO","D","20182019","CGY",46,822.78,6,8,10,24,91,131,193,3.42,6.59,4.58,2.61,60,35,72,31,23,13,4,0,1,0,0,0
"MARK.JANKOWSKI","F","20182019","CGY",45,458.07,3,4,4,11,52,77,96,4.68,5.77,3.9,6.08,27,13,35,17,22,4,4,0,0,199,173,26
"MARKO.DANO","F","20182019","COL",8,53.73,0,0,0,0,3,6,9,0.22,0,0,3.67,3,16,4,2,3,2,2,0,0,0,5,-5
"MARK.PYSYK","D","20182019","FLA",34,538.55,0,1,3,4,32,47,64,1.11,0,0,2.36,38,64,28,33,12,3,2,0,0,0,0,0
"MARK.SCHEIFELE","F","20182019","WPG",47,789.38,16,8,7,31,71,102,127,9.31,22.54,15.69,9.13,23,29,55,17,41,2,17,0,0,354,409,-55
"MARK.STONE","F","20182019","OTT",47,738.02,14,12,3,29,72,107,130,7.9,19.44,13.08,7.38,38,33,32,32,62,9,6,0,0,21,21,0
"MARKUS.GRANLUND","F","20182019","VAN",48,537.58,5,4,2,11,55,75,93,5.3,9.09,6.67,7.07,11,28,27,2,14,4,3,0,0,96,125,-29
"MARKUS.HANNIKAINEN","F","20182019","CBJ",34,310.98,4,2,1,7,41,54,64,4.9,9.76,7.41,9.07,6,48,39,1,9,1,5,0,0,0,2,-2
"MARKUS.NUTIVAARA","D","20182019","CBJ",46,789.15,4,7,4,15,62,84,113,2.24,6.45,4.76,2.67,34,34,54,18,11,2,5,0,0,0,0,0
"MARTIN.FRK","F","20182019","DET",23,170.25,0,2,1,3,16,23,32,1.59,0,0,6.91,4,26,11,6,2,2,1,0,0,0,0,0
"MARTIN.HANZAL","F","20182019","DAL",7,64.2,0,1,0,1,7,9,12,0.33,0,0,3.67,4,13,2,1,2,2,0,0,0,37,14,23
"MARTIN.MARINCIN","D","20182019","TOR",8,102.87,0,0,1,1,8,10,18,0.21,0,0,2.1,6,6,8,6,3,2,1,0,0,0,0,0
"MARTIN.NECAS","F","20182019","CAR",7,55.97,1,0,1,2,3,6,7,0.29,33.33,16.67,4.83,2,3,4,6,2,1,1,0,0,15,22,-7
"MASON.APPLETON","F","20182019","WPG",21,153.9,2,1,0,3,19,25,32,1.54,10.53,8,6.16,6,15,16,2,1,0,0,0,0,0,1,-1
"MATHEW.BARZAL","F","20182019","NYI",46,675.5,10,9,6,25,76,99,128,9.77,13.16,10.1,9.87,27,12,55,52,43,11,11,0,0,133,185,-52
"MATHIEU.JOSEPH","F","20182019","T.B",40,423.75,11,2,1,14,56,73,96,5.07,19.64,15.07,6.95,8,67,71,14,17,5,5,0,0,6,17,-11
"MATHIEU.PERREAULT","F","20182019","WPG",47,515.88,7,3,5,15,53,76,92,4.88,13.21,9.21,6.42,10,63,33,7,19,8,4,0,0,22,21,1
"MATS.ZUCCARELLO","F","20182019","NYR",34,475.35,6,5,0,11,42,58,77,4.11,14.29,10.34,7.09,29,37,17,12,14,4,1,0,0,7,12,-5
"MATT.BENNING","D","20182019","EDM",39,487.08,1,2,3,6,49,69,92,1.45,2.04,1.45,2.1,22,65,65,19,5,8,2,1,1,0,0,0
"MATT.CALVERT","F","20182019","COL",47,532.63,5,6,1,12,63,83,102,6.35,7.94,6.02,7.65,23,62,58,8,14,6,5,2,2,18,25,-7
"MATT.CULLEN","F","20182019","PIT",35,322.57,3,3,2,8,38,42,49,3.38,7.89,7.14,8.05,14,11,17,7,13,2,4,0,0,105,132,-27
"MATT.DUCHENE","F","20182019","OTT",38,585.05,14,13,3,30,70,94,119,8.35,20,14.89,8.88,17,14,48,28,24,0,10,0,0,309,245,64
"MATT.DUMBA","D","20182019","MIN",32,596.8,6,2,2,10,59,88,140,3,10.17,6.82,3.41,35,50,29,14,9,7,3,1,1,0,0,0
"MATT.GRZELCYK","D","20182019","BOS",45,774.7,1,2,5,8,56,86,114,1.88,1.79,1.16,2.19,41,31,62,23,21,9,6,1,1,0,0,0
"MATT.HENDRICKS","F","20182019","MIN",18,155.82,0,2,0,2,17,20,30,0.82,0,0,4.1,2,27,14,7,3,1,2,2,0,33,27,6
"MATTHEW.PECA","F","20182019","MTL",27,237.53,3,4,1,8,23,27,40,1.65,13.04,11.11,6.11,7,18,33,8,5,1,3,0,0,63,64,-1
"MATTHEW.TKACHUK","F","20182019","CGY",48,662.35,10,11,5,26,70,102,135,7.05,14.29,9.8,6.91,8,48,47,27,19,9,13,1,1,3,3,0
"MATTIAS.EKHOLM","D","20182019","NSH",48,909.63,5,11,11,27,70,99,139,2.77,7.14,5.05,2.8,49,42,49,32,24,10,7,1,1,0,0,0
"MATTIAS.JANMARK","F","20182019","DAL",48,616.5,3,8,3,14,63,82,95,6.39,4.76,3.66,7.79,21,20,49,19,17,8,6,0,0,7,6,1
"MATT.IRWIN","D","20182019","NSH",24,280.87,1,2,2,5,32,41,64,0.81,3.12,2.44,1.98,21,45,37,6,5,6,3,0,0,0,0,0
"MATT.LUFF","F","20182019","L.A",30,320.82,5,2,1,8,36,54,73,2.95,13.89,9.26,5.46,17,15,19,10,3,2,4,1,1,1,3,-2
"MATT.MARTIN","F","20182019","NYI",35,368.28,5,2,3,10,30,46,57,3.1,16.67,10.87,6.74,20,148,43,7,5,6,8,2,2,3,5,-2
"MATT.NIETO","F","20182019","COL",44,466.5,2,4,3,9,47,68,82,4.64,4.26,2.94,6.82,11,26,49,4,10,3,3,0,0,0,0,0
"MATT.NISKANEN","D","20182019","WSH",44,793.33,4,4,4,12,69,89,119,2.6,5.8,4.49,2.92,60,88,73,31,15,12,5,0,0,0,0,0
"MATT.READ","F","20182019","MIN",5,52.6,0,0,0,0,6,6,8,0.22,0,0,3.67,3,4,3,1,1,1,0,0,0,1,0,1
"MAX.COMTOIS","F","20182019","ANA",10,129.52,2,3,2,7,9,14,19,0.92,22.22,14.29,6.57,3,27,7,4,2,0,1,1,1,3,7,-4
"MAX.DOMI","F","20182019","MTL",48,664.32,12,13,5,30,83,117,142,8.47,14.46,10.26,7.24,27,37,46,29,26,20,14,1,1,215,301,-86
"MAXIME.LAJOIE","D","20182019","OTT",43,669.22,3,1,1,5,44,68,102,1.61,6.82,4.41,2.37,50,23,71,29,10,7,2,0,0,0,0,0
"MAXIM.MAMIN","F","20182019","FLA",7,50.65,0,0,0,0,8,12,14,0.42,0,0,3.5,1,10,4,0,1,0,0,1,1,0,0,0
"MAX.MCCORMICK","F","20182019","OTT",14,100.58,1,0,0,1,11,19,24,1.1,9.09,5.26,5.79,6,20,16,3,1,2,0,0,0,0,1,-1
"MAX.PACIORETTY","F","20182019","VGK",36,483.22,8,6,3,17,74,97,128,5.91,10.81,8.25,6.09,15,58,67,20,24,7,5,0,0,5,9,-4
"MELKER.KARLSSON","F","20182019","S.J",49,486.03,7,0,3,10,54,71,84,4.82,12.96,9.86,6.79,23,33,63,10,12,11,4,0,0,5,5,0
"MICHAEL.AMADIO","F","20182019","L.A",28,249.73,2,0,2,4,23,33,50,2.37,8.7,6.06,7.18,11,11,20,7,13,2,2,0,0,41,67,-26
"MICHAEL.CHAPUT","F","20182019","MTL",26,242.32,0,3,1,4,23,34,41,2.1,0,0,6.18,10,37,16,5,2,6,4,0,0,95,87,8
"MICHAEL.DAL COLLE","F","20182019","NYI",10,103.5,1,1,0,2,11,13,18,1.23,9.09,7.69,9.46,1,5,4,3,3,1,0,0,0,0,1,-1
"MICHAEL.DEL ZOTTO","D","20182019","VAN",23,352.55,1,1,2,4,20,34,59,1.41,5,2.94,4.15,28,81,24,10,3,3,1,0,0,0,0,0
"MICHAEL.FROLIK","F","20182019","CGY",31,349.85,7,3,3,13,53,72,89,4.42,13.21,9.72,6.14,7,28,33,21,16,7,4,0,0,8,8,0
"MICHAEL.GRABNER","F","20182019","ARI",25,282.72,3,2,0,5,35,48,55,4.11,8.57,6.25,8.56,9,11,3,6,13,3,5,0,0,1,1,0
"MICHAEL.RAFFL","F","20182019","PHI",33,358.8,2,2,3,7,33,46,60,3.85,6.06,4.35,8.37,8,53,54,10,14,8,1,0,0,8,10,-2
"MICHAEL.RASMUSSEN","F","20182019","DET",41,442.07,2,5,2,9,34,50,65,2.95,5.88,4,5.9,16,54,52,17,9,7,6,1,1,6,16,-10
"MICHAEL.STONE","D","20182019","CGY",11,152.45,0,1,2,3,10,23,42,0.33,0,0,1.43,9,21,14,2,5,3,1,0,0,0,0,0
"MICHAL.KEMPNY","D","20182019","WSH",43,742.02,5,3,6,14,68,92,132,2.16,7.35,5.43,2.35,79,37,67,25,15,17,8,0,0,0,0,0
"MICHEAL.FERLAND","F","20182019","CAR",39,472.88,7,7,1,15,78,102,126,8.88,8.97,6.86,8.71,9,106,48,18,17,6,1,2,2,15,34,-19
"MICHEAL.HALEY","F","20182019","FLA",21,158.82,1,2,0,3,16,28,37,2.07,6.25,3.57,7.39,4,37,11,11,2,5,5,2,2,10,11,-1
"MIIKKA.SALOMAKI","F","20182019","NSH",37,377.15,1,1,3,5,48,60,70,5.06,2.08,1.67,8.43,20,72,37,5,6,4,4,0,0,2,5,-3
"MIKAEL.BACKLUND","F","20182019","CGY",44,634.07,8,10,3,21,93,119,164,8.23,8.6,6.72,6.92,13,30,37,22,32,8,4,0,0,265,277,-12
"MIKAEL.GRANLUND","F","20182019","MIN",47,670,9,11,4,24,80,109,139,5.87,11.25,8.26,5.39,25,18,74,15,26,7,8,0,0,40,47,-7
"MIKA.ZIBANEJAD","F","20182019","NYR",47,677.82,6,9,6,21,79,114,138,6.08,7.59,5.26,5.33,33,73,74,20,28,13,7,0,0,332,328,4
"MIKE.GREEN","D","20182019","DET",26,503.33,3,3,8,14,52,75,93,2.51,5.77,4,3.35,27,36,45,26,7,10,2,0,0,0,0,0
"MIKE.HOFFMAN","F","20182019","FLA",45,629.48,10,3,4,17,90,112,140,7.17,11.11,8.93,6.4,12,18,29,37,27,7,6,0,0,4,12,-8
"MIKE.MATHESON","D","20182019","FLA",43,776.08,2,4,3,9,68,84,122,2.41,2.94,2.38,2.87,47,29,47,64,25,11,7,0,0,0,0,0
"MIKE.REILLY","D","20182019","MTL",41,687.7,1,1,5,7,64,94,134,2.87,1.56,1.06,3.05,41,34,56,32,9,6,7,0,0,0,0,0
"MIKHAIL.SERGACHEV","D","20182019","T.B",45,714.65,2,9,3,14,70,96,140,3.32,2.86,2.08,3.46,55,53,59,26,12,7,4,0,0,0,1,-1
"MIKHAIL.VOROBYEV","F","20182019","PHI",7,68.37,1,0,1,2,5,6,6,0.23,20,16.67,3.83,3,2,4,2,1,1,0,0,0,13,26,-13
"MIKKEL.BOEDKER","F","20182019","OTT",47,603.95,4,8,8,20,50,65,84,4.59,8,6.15,7.06,17,38,31,16,15,3,4,0,0,6,5,1
"MIKKO.KOIVU","F","20182019","MIN",42,581.2,3,8,1,12,49,72,90,4.5,6.12,4.17,6.25,22,11,20,6,23,6,4,0,0,318,265,53
"MIKKO.RANTANEN","F","20182019","COL",47,761.07,7,17,13,37,79,102,131,6.2,8.86,6.86,6.08,24,34,65,17,21,12,11,0,0,12,9,3
"MILAN.LUCIC","F","20182019","EDM",47,547.12,3,4,1,8,41,68,96,5.41,7.32,4.41,7.96,9,162,49,17,18,13,6,1,1,6,9,-3
"MILES.WOOD","F","20182019","N.J",45,549.05,4,7,2,13,100,136,164,7.87,4,2.94,5.79,18,74,85,18,17,16,9,1,1,0,1,-1
"MIRCO.MUELLER","D","20182019","N.J",30,483.52,0,3,2,5,25,38,57,0.83,0,0,2.18,24,36,36,16,11,2,4,1,1,0,0,0
"MIRO.HEISKANEN","D","20182019","DAL",48,917.72,8,3,4,15,93,116,177,4.43,8.6,6.9,3.82,38,22,93,45,16,5,3,0,0,0,0,0
"MITCH.MARNER","F","20182019","TOR",46,697.37,13,23,3,39,87,122,172,8.02,14.94,10.66,6.57,19,17,43,24,37,3,12,0,0,2,3,-1
"MORGAN.RIELLY","D","20182019","TOR",46,822.7,11,8,11,30,99,141,213,4.16,11.11,7.8,2.95,51,33,53,47,35,2,5,0,0,0,1,-1
"NATE.PROSSER","D","20182019","MIN",15,143.52,0,0,0,0,10,12,21,0.16,0,0,1.33,12,17,13,1,1,1,0,0,0,0,0,0
"NATE.SCHMIDT","D","20182019","VGK",29,530.9,0,2,6,8,37,56,86,1.2,0,0,2.14,35,15,26,19,13,0,2,0,0,0,0,0
"NATE.THOMPSON","F","20182019","L.A",48,500.02,2,0,2,4,25,32,41,2.39,8,6.25,7.47,22,48,31,8,12,6,3,1,1,196,159,37
"NATHAN.BEAULIEU","D","20182019","BUF",26,353.28,3,1,2,6,30,40,53,1.01,10,7.5,2.53,22,30,20,10,3,3,3,2,2,0,0,0
"NATHAN.MACKINNON","F","20182019","COL",47,794.18,15,13,6,34,136,163,208,10.83,11.03,9.2,6.64,17,21,42,25,23,9,18,0,0,240,365,-125
"NAZEM.KADRI","F","20182019","TOR",46,621.78,5,7,4,16,87,133,171,8.43,5.75,3.76,6.34,9,41,91,26,26,11,11,1,1,245,218,27
"NEAL.PIONK","D","20182019","NYR",42,722.07,3,1,4,8,61,89,119,2.59,4.92,3.37,2.91,50,70,63,33,23,5,7,2,2,0,0,0
"NIC.DOWD","F","20182019","WSH",37,317.53,4,5,3,12,23,35,44,3.07,17.39,11.43,8.77,18,52,53,10,14,5,1,0,0,106,115,-9
"NICK.BJUGSTAD","F","20182019","FLA",29,361.33,4,0,4,8,45,64,85,4.09,8.89,6.25,6.39,15,38,33,14,17,6,5,0,0,78,78,0
"NICK.BONINO","F","20182019","NSH",48,587.82,7,6,3,16,47,63,85,3.13,14.89,11.11,4.97,36,17,29,18,14,3,3,0,0,250,237,13
"NICK.COUSINS","F","20182019","ARI",46,558.38,5,2,6,13,85,107,136,6.3,5.88,4.67,5.89,27,66,82,9,23,8,12,1,1,85,98,-13
"NICK.FOLIGNO","F","20182019","CBJ",41,572.95,12,5,4,21,62,78,95,5.02,19.35,15.38,6.44,28,83,26,17,20,2,6,1,1,42,22,20
"NICK.HOLDEN","D","20182019","VGK",49,779.6,3,4,5,12,52,83,135,2.27,5.77,3.61,2.73,51,66,76,26,17,4,3,0,0,0,0,0
"NICK.JENSEN","D","20182019","DET",47,834.12,2,3,3,8,49,77,122,1.88,4.08,2.6,2.44,47,45,130,32,13,6,6,1,1,0,0,0
"NICKLAS.BACKSTROM","F","20182019","WSH",45,658.55,6,13,5,24,69,93,124,5.14,8.7,6.45,5.53,14,27,39,27,23,4,5,0,0,327,334,-7
"NICK.LEDDY","D","20182019","NYI",46,823.68,2,3,2,7,40,63,96,2.46,5,3.17,3.9,36,38,39,28,10,4,4,0,0,0,0,0
"NICK.PAUL","F","20182019","OTT",17,142.55,0,0,1,1,25,31,39,2.07,0,0,6.68,4,17,21,3,5,1,0,0,0,15,17,-2
"NICK.RITCHIE","F","20182019","ANA",33,412.72,4,7,4,15,35,58,70,3.66,11.43,6.9,6.31,17,67,37,19,10,9,3,0,0,2,3,-1
"NICK.SCHMALTZ","F","20182019","ARI",17,232.6,1,5,1,7,19,26,38,1.76,5.26,3.85,6.77,5,0,15,9,12,1,3,0,0,44,93,-49
"NICK.SCHMALTZ","F","20182019","CHI",23,320.5,1,3,4,8,24,30,45,2.3,4.17,3.33,7.67,6,3,25,13,23,2,5,0,0,44,54,-10
"NICK.SEELER","D","20182019","MIN",45,522.75,1,1,1,3,46,62,98,1.33,2.17,1.61,2.15,67,43,37,17,2,5,5,3,3,0,0,0
"NICO.HISCHIER","F","20182019","N.J",43,598.85,11,4,7,22,74,94,112,8.12,14.86,11.7,8.64,21,29,42,14,17,2,15,0,0,241,311,-70
"NICOLAS.DESLAURIERS","F","20182019","MTL",34,321.75,1,1,0,2,32,50,63,3.46,3.12,2,6.92,15,99,32,8,7,5,1,2,2,0,0,0
"NIC.PETAN","F","20182019","WPG",13,93.17,0,1,1,2,10,13,17,0.63,0,0,4.85,2,0,5,2,4,0,3,0,0,5,3,2
"NIKITA.KUCHEROV","F","20182019","T.B",48,727.13,13,20,11,44,94,138,188,8.68,13.83,9.42,6.29,20,19,39,29,31,11,12,0,0,0,1,-1
"NIKITA.SCHERBAK","F","20182019","L.A",8,80.42,1,0,0,1,11,15,16,1.03,9.09,6.67,6.87,1,9,10,1,0,1,0,0,0,0,0,0
"NIKITA.ZADOROV","D","20182019","COL",36,505.53,4,1,1,6,47,63,93,1.55,8.51,6.35,2.46,15,94,24,19,4,15,5,1,1,0,0,0
"NIKITA.ZAITSEV","D","20182019","TOR",46,788.82,0,0,3,3,38,73,125,1.65,0,0,2.26,72,58,65,41,4,5,3,0,0,0,0,0
"NIKLAS.HJALMARSSON","D","20182019","ARI",46,741.33,0,0,1,1,29,42,64,0.85,0,0,2.02,63,21,60,22,12,8,2,0,0,0,0,0
"NIKLAS.KRONWALL","D","20182019","DET",45,759.97,1,3,5,9,33,41,60,1.3,3.03,2.44,3.17,43,44,36,32,4,13,2,0,0,0,0,0
"NIKOLAJ.EHLERS","F","20182019","WPG",40,584.93,11,3,4,18,91,114,147,8.13,12.09,9.65,7.13,9,13,43,14,20,5,15,0,1,1,1,0
"NIKOLAY.GOLDOBIN","F","20182019","VAN",44,521.95,5,3,7,15,54,80,88,5.27,9.26,6.25,6.59,12,7,26,17,14,7,9,0,0,0,0,0
"NINO.NIEDERREITER","F","20182019","MIN",46,566.15,5,5,4,14,65,81,114,5.18,7.69,6.17,6.4,12,45,61,14,22,5,4,0,0,22,12,10
"NOAH.HANIFIN","D","20182019","CGY",48,831.55,2,4,10,16,58,80,117,2.79,3.45,2.5,3.49,48,51,39,44,21,5,3,0,0,0,0,0
"NOAH.JUULSEN","D","20182019","MTL",21,311.17,0,1,4,5,19,26,45,0.55,0,0,2.12,29,52,45,15,5,1,1,0,0,0,0,0
"NOEL.ACCIARI","F","20182019","BOS",40,429.32,1,2,1,4,52,73,82,4.4,1.92,1.37,6.03,19,121,74,10,16,5,4,1,1,76,64,12
"NOLAN.PATRICK","F","20182019","PHI",40,492.32,6,1,6,13,55,72,89,6.12,10.91,8.33,8.5,18,35,43,12,18,2,7,1,1,214,190,24
"OLIVER.BJORKSTRAND","F","20182019","CBJ",41,430.78,5,7,0,12,61,82,106,4.51,8.2,6.1,5.5,19,17,43,7,12,1,3,0,0,5,4,1
"OLIVER.EKMAN-LARSSON","D","20182019","ARI",46,844.37,2,5,3,10,72,116,179,3.12,2.78,1.72,2.69,28,86,94,30,18,13,11,0,0,0,0,0
"OLIVER.KYLINGTON","D","20182019","CGY",23,272.88,1,0,2,3,9,21,32,0.64,11.11,4.76,3.05,28,5,28,18,10,3,2,0,0,0,0,0
"OLLI.MAATTA","D","20182019","PIT",45,696.98,0,5,2,7,42,66,100,1.17,0,0,1.77,74,60,137,28,8,3,2,0,0,0,0,0
"ONDREJ.KASE","F","20182019","ANA",30,396.05,10,4,1,15,82,113,142,7.28,12.2,8.85,6.44,11,17,34,13,15,1,6,0,0,6,18,-12
"ONDREJ.PALAT","F","20182019","T.B",32,415.98,4,3,6,13,49,61,88,4.01,8.16,6.56,6.57,23,48,33,20,11,4,5,0,0,2,13,-11
"OSCAR.FANTENBERG","D","20182019","L.A",35,475.72,0,1,0,1,30,45,63,1.12,0,0,2.49,43,48,49,16,6,3,3,0,0,0,0,0
"OSCAR.KLEFBOM","D","20182019","EDM",31,592.7,1,2,5,8,74,97,139,2.09,1.35,1.03,2.15,39,13,53,23,7,2,0,0,0,0,0,0
"OSCAR.LINDBERG","F","20182019","VGK",25,266,1,6,0,7,37,53,69,3.85,2.7,1.89,7.26,11,37,29,13,10,9,2,0,0,9,7,2
"OSKAR.LINDBLOM","F","20182019","PHI",46,465.82,4,6,3,13,54,67,82,4.89,7.41,5.97,7.3,23,39,41,8,9,5,6,0,0,3,4,-1
"OSKAR.SUNDQVIST","F","20182019","STL",38,368.12,7,4,1,12,43,60,71,4.86,16.28,11.67,8.1,16,39,51,3,11,4,5,0,0,52,69,-17
"PAR.LINDHOLM","F","20182019","TOR",46,468.72,1,4,4,9,44,80,100,4.64,2.27,1.25,5.8,26,36,66,10,17,7,4,0,0,131,118,13
"PATRICE.BERGERON","F","20182019","BOS",32,412.82,6,8,5,19,70,92,113,6.7,8.57,6.52,7.28,24,21,14,12,18,4,4,0,0,270,217,53
"PATRIC.HORNQVIST","F","20182019","PIT",34,408.9,10,4,5,19,70,90,111,6.44,14.29,11.11,7.16,15,55,67,7,8,1,4,0,0,4,5,-1
"PATRICK.EAVES","F","20182019","ANA",5,60.07,0,0,0,0,4,8,8,0.76,0,0,9.5,0,10,6,3,1,0,1,0,0,0,0,0
"PATRICK.KANE","F","20182019","CHI",48,840.08,15,15,7,37,130,179,230,10.27,11.54,8.38,5.74,12,10,41,27,23,6,9,0,0,1,1,0
"PATRICK.MARLEAU","F","20182019","TOR",46,665.15,8,5,1,14,71,99,118,6.6,11.27,8.08,6.67,22,36,51,10,14,3,1,0,0,34,35,-1
"PATRICK.MAROON","F","20182019","STL",38,427.97,3,0,1,4,46,59,80,4.94,6.52,5.08,8.37,5,73,52,8,17,8,6,3,3,1,1,0
"PATRIK.BERGLUND","F","20182019","BUF",23,251.63,1,1,1,3,24,34,41,2.22,4.17,2.94,6.53,12,24,13,4,4,2,2,0,0,51,35,16
"PATRIK.LAINE","F","20182019","WPG",47,629.55,12,5,1,18,100,131,169,7.71,12,9.16,5.89,28,37,41,25,13,9,7,0,0,8,15,-7
"PATRIK.NEMETH","D","20182019","COL",39,504.05,1,2,1,4,28,42,60,0.99,3.57,2.38,2.36,39,55,59,7,0,10,3,1,1,0,0,0
"PAUL.BYRON","F","20182019","MTL",34,404.87,8,4,3,15,57,69,82,5.99,14.04,11.59,8.68,23,70,35,12,7,0,6,0,0,4,8,-4
"PAUL.LADUE","D","20182019","L.A",14,161.15,1,0,0,1,10,18,30,0.47,10,5.56,2.61,10,16,28,5,1,1,1,0,0,0,0,0
"PAUL.STASTNY","F","20182019","VGK",19,266.72,5,4,2,11,37,47,54,4.69,13.51,10.64,9.98,7,9,13,3,9,4,1,0,0,133,103,30
"PAVEL.BUCHNEVICH","F","20182019","NYR",31,385.98,4,4,1,9,27,42,50,3.44,14.81,9.52,8.19,12,26,46,14,16,1,4,0,0,2,8,-6
"PAVEL.ZACHA","F","20182019","N.J",42,496.9,4,1,2,7,47,72,89,4.3,8.51,5.56,5.97,16,41,26,16,16,3,2,1,1,217,233,-16
"PHIL.KESSEL","F","20182019","PIT",46,643.53,11,12,5,28,88,113,140,9.04,12.5,9.73,8,10,7,29,34,18,7,2,0,0,0,5,-5
"PHILLIP.DANAULT","F","20182019","MTL",48,695.78,7,10,9,26,71,89,120,6.76,9.86,7.87,7.6,22,47,67,22,23,12,10,0,0,387,345,42
"PHILLIP.DI GIUSEPPE","F","20182019","CAR",21,195.35,1,1,2,4,25,40,48,2.22,4,2.5,5.55,6,47,13,5,9,4,2,0,0,2,2,0
"PHIL.VARONE","F","20182019","PHI",17,129.48,1,0,0,1,12,14,21,1.11,8.33,7.14,7.93,7,11,8,6,0,1,2,0,0,46,41,5
"PIERRE-EDOUARD.BELLEMARE","F","20182019","VGK",48,492.65,3,2,2,7,54,76,100,4.29,5.56,3.95,5.64,20,35,54,11,18,1,6,0,0,205,153,52
"PIERRE-LUC.DUBOIS","F","20182019","CBJ",46,705.12,14,12,7,33,94,130,155,10.69,14.89,10.77,8.22,36,68,56,25,24,15,18,0,0,275,332,-57
"P.K..SUBBAN","D","20182019","NSH",30,509.45,3,5,3,11,51,67,98,1.68,5.88,4.48,2.51,21,22,29,21,10,7,7,0,0,0,0,0
"PONTUS.ABERG","F","20182019","ANA",37,493.18,8,3,3,14,58,83,117,5.47,13.79,9.64,6.59,7,31,34,26,13,7,10,0,0,2,8,-6
"RADEK.FAKSA","F","20182019","DAL",48,646.95,4,6,1,11,53,74,92,7.39,7.55,5.41,9.99,33,52,60,15,19,10,10,1,1,255,271,-16
"RADIM.SIMEK","D","20182019","S.J",20,287.28,1,2,2,5,13,22,38,0.52,7.69,4.55,2.36,13,33,35,13,9,1,1,0,0,0,0,0
"RADKO.GUDAS","D","20182019","PHI",45,663.18,2,4,5,11,72,121,175,2.15,2.78,1.65,1.78,58,137,66,22,11,11,8,3,3,0,0,0
"RASMUS.ANDERSSON","D","20182019","CGY",45,631.72,0,1,2,3,50,65,95,1.3,0,0,2,48,31,60,26,10,4,7,0,0,0,0,0
"RASMUS.DAHLIN","D","20182019","BUF",47,812.97,3,2,9,14,70,90,125,3.37,4.29,3.33,3.74,37,44,52,40,18,7,3,0,0,0,0,0
"RASMUS.RISTOLAINEN","D","20182019","BUF",47,886.3,4,6,7,17,78,103,147,3.46,5.13,3.88,3.36,60,127,96,24,8,7,2,0,0,0,0,0
"REILLY.SMITH","F","20182019","VGK",45,633.92,5,7,1,13,77,108,140,8.62,6.49,4.63,7.98,20,21,45,24,22,2,7,0,0,1,0,1
"REMI.ELIE","F","20182019","BUF",14,128.57,0,0,1,1,9,18,19,0.81,0,0,4.5,2,28,11,2,2,1,1,0,0,1,0,1
"RICHARD.PANIK","F","20182019","ARI",43,566.18,8,6,1,15,64,83,115,5.93,12.5,9.64,7.14,23,60,48,20,21,8,7,0,0,3,5,-2
"RICKARD.RAKELL","F","20182019","ANA",35,545.65,5,8,3,16,77,104,141,7.89,6.49,4.81,7.59,19,37,58,23,22,1,7,0,0,9,12,-3
"RILEY.NASH","F","20182019","CBJ",45,449.98,1,2,2,5,39,50,64,3.02,2.56,2,6.04,19,34,49,8,20,4,2,1,1,89,113,-24
"RILEY.SHEAHAN","F","20182019","PIT",45,462.87,5,1,0,6,47,60,70,4.77,10.64,8.33,7.95,16,39,58,8,11,3,4,0,0,96,93,3
"ROBBY.FABBRI","F","20182019","STL",23,267.5,2,2,1,5,28,39,53,3.26,7.14,5.13,8.36,5,19,23,4,2,1,5,0,0,3,5,-2
"ROBERT.BORTUZZO","D","20182019","STL",28,362.45,1,2,2,5,29,39,53,1.09,3.45,2.56,2.79,24,38,39,8,3,7,1,1,1,0,0,0
"ROBERT.HAGG","D","20182019","PHI",47,723.87,3,5,2,10,59,81,116,2.4,5.08,3.7,2.96,68,134,57,17,2,14,5,0,0,0,0,0
"ROBERT.THOMAS","F","20182019","STL",37,413.33,4,6,3,13,38,47,53,4.41,10.53,8.51,9.38,16,9,28,12,16,4,4,0,0,70,92,-22
"ROCCO.GRIMALDI","F","20182019","NSH",30,298.62,4,2,2,8,48,63,83,3.59,8.33,6.35,5.7,11,17,23,6,15,2,7,0,0,2,1,1
"ROMAN.JOSI","D","20182019","NSH",49,915.92,4,9,8,21,119,160,228,5.15,3.36,2.5,3.22,57,27,46,33,20,6,3,0,0,0,0,0
"ROMAN.POLAK","D","20182019","DAL",45,716.32,1,1,2,4,54,77,100,1.89,1.85,1.3,2.45,66,106,58,19,10,13,3,1,1,0,0,0
"RON.HAINSEY","D","20182019","TOR",46,745.53,3,3,4,10,28,50,76,0.93,10.71,6,1.86,59,40,29,39,14,4,0,1,1,0,0,0
"ROOPE.HINTZ","F","20182019","DAL",24,249.85,2,1,2,5,25,33,39,2.39,8,6.06,7.24,14,22,19,9,10,4,5,0,0,84,77,7
"ROSS.JOHNSTON","F","20182019","NYI",13,92.28,0,2,1,3,7,8,11,1.03,0,0,12.88,1,24,13,4,2,4,1,3,3,0,0,0
"ROURKE.CHARTIER","F","20182019","S.J",13,116.53,1,0,0,1,19,27,33,1.52,5.26,3.7,5.63,3,14,17,1,0,1,4,0,0,29,48,-19
"RUDOLFS.BALCERS","F","20182019","OTT",6,54.6,1,0,1,2,4,8,8,0.81,25,12.5,10.12,5,3,6,1,0,0,0,0,0,0,0,0
"RYAN.CALLAHAN","F","20182019","T.B",39,391.73,3,5,1,9,51,68,80,4.12,5.88,4.41,6.06,10,51,25,3,17,4,4,0,0,2,5,-3
"RYAN.CARPENTER","F","20182019","VGK",45,484.38,2,3,4,9,61,82,100,5.21,3.28,2.44,6.35,12,74,62,10,15,1,4,0,0,106,98,8
"RYAN.DONATO","F","20182019","BOS",34,342.45,3,1,2,6,62,81,104,4.54,4.84,3.7,5.6,10,14,49,10,15,1,7,0,0,7,10,-3
"RYAN.DZINGEL","F","20182019","OTT",45,682.43,15,6,6,27,87,108,138,8.98,17.24,13.89,8.31,26,30,35,21,14,8,2,1,1,27,42,-15
"RYAN.ELLIS","D","20182019","NSH",49,908.9,2,6,7,15,63,96,138,2.24,3.17,2.08,2.33,75,37,59,22,27,6,7,0,0,0,0,0
"RYAN.GETZLAF","F","20182019","ANA",42,670.1,8,7,9,24,77,105,130,5.37,10.39,7.62,5.11,39,85,37,42,33,9,5,0,0,303,259,44
"RYAN.GRAVES","D","20182019","COL",8,75.05,2,0,0,2,7,11,16,0.54,28.57,18.18,4.91,11,11,7,4,2,1,0,0,0,0,0,0
"RYAN.HARTMAN","F","20182019","NSH",49,630.17,8,0,6,14,90,115,150,6.87,8.89,6.96,5.97,14,47,58,22,22,12,14,1,1,1,6,-5
"RYAN.JOHANSEN","F","20182019","NSH",49,702.62,7,14,8,29,64,83,102,7.98,10.94,8.43,9.61,15,60,21,21,15,9,7,0,0,412,314,98
"RYAN.KESLER","F","20182019","ANA",44,537,3,0,0,3,49,68,77,4.53,6.12,4.41,6.66,32,52,28,14,9,5,5,1,1,310,244,66
"RYAN.MCDONAGH","D","20182019","T.B",48,841.73,5,5,10,20,67,92,131,3.38,7.46,5.43,3.67,61,49,38,33,18,6,5,0,0,0,0,0
"RYAN.MURRAY","D","20182019","CBJ",45,805.07,0,7,11,18,50,69,105,2.04,0,0,2.96,54,22,42,20,14,2,0,0,0,0,0,0
"RYAN.NUGENT-HOPKINS","F","20182019","EDM",47,683.22,9,8,6,23,87,116,141,9.14,10.34,7.76,7.88,18,37,42,24,27,6,10,0,0,176,205,-29
"RYAN.O'REILLY","F","20182019","STL",46,679.07,12,8,7,27,91,117,141,8.97,13.19,10.26,7.67,14,15,21,13,38,2,9,0,0,436,292,144
"RYAN.PULOCK","D","20182019","NYI",46,829.23,1,5,6,12,77,103,164,3.58,1.3,0.97,3.48,60,78,59,26,17,4,5,0,0,0,0,0
"RYAN.REAVES","F","20182019","VGK",48,482.18,5,5,1,11,50,66,84,5.73,10,7.58,8.68,14,167,45,8,21,6,4,3,3,31,43,-12
"RYAN.SPOONER","F","20182019","EDM",24,218.75,2,1,0,3,22,28,36,2.24,9.09,7.14,8,1,16,14,11,5,0,0,0,0,25,29,-4
"RYAN.SPOONER","F","20182019","NYR",16,173.6,1,0,1,2,16,21,27,1.87,6.25,4.76,8.9,3,10,8,5,4,0,2,0,0,20,15,5
"RYAN.STROME","F","20182019","EDM",18,198.18,1,1,0,2,23,31,39,2.11,4.35,3.23,6.81,4,22,14,1,7,6,3,0,0,75,83,-8
"RYAN.STROME","F","20182019","NYR",28,359.95,3,4,1,8,19,31,42,2.32,15.79,9.68,7.48,10,31,19,19,10,4,0,1,1,84,78,6
"RYAN.SUTER","D","20182019","MIN",47,966.82,2,4,10,16,54,86,117,3.36,3.7,2.33,3.91,56,32,21,16,14,9,1,1,1,0,0,0
"SAKU.MAENALANEN","F","20182019","CAR",9,80.95,4,0,1,5,12,15,17,1.53,33.33,26.67,10.2,3,15,6,1,2,1,1,0,0,1,4,-3
"SAM.BENNETT","F","20182019","CGY",46,543.68,6,6,2,14,63,90,111,8.3,9.52,6.67,9.22,18,82,47,18,14,16,15,2,3,37,25,12
"SAM.GAGNER","F","20182019","VAN",7,97.77,0,2,0,2,14,19,25,1.14,0,0,6,2,5,12,3,1,2,0,0,0,9,11,-2
"SAMI.NIKU","D","20182019","WPG",9,112.2,0,1,1,2,6,9,9,0.65,0,0,7.22,8,5,5,3,1,0,0,0,0,0,0,0
"SAMI.VATANEN","D","20182019","N.J",44,751.52,1,7,3,11,67,86,130,2.17,1.49,1.16,2.52,57,51,51,27,9,7,10,0,0,0,0,0
"SAMMY.BLAIS","F","20182019","STL",21,197.48,1,1,0,2,16,22,26,2,6.25,4.55,9.09,8,66,20,6,7,3,6,0,0,0,1,-1
"SAM.REINHART","F","20182019","BUF",47,685.78,7,14,6,27,79,106,133,6.54,8.86,6.6,6.17,26,15,64,22,19,3,9,0,0,17,30,-13
"SAM.STEEL","F","20182019","ANA",13,163.3,1,0,0,1,11,13,19,0.84,9.09,7.69,6.46,4,5,7,3,3,2,0,0,0,61,63,-2
"SAMUEL.GIRARD","D","20182019","COL",47,802.08,2,2,2,6,52,68,126,1.43,3.85,2.94,2.1,48,25,67,26,9,0,8,0,0,0,0,0
"SCOTT.HARRINGTON","D","20182019","CBJ",40,442.18,1,4,6,11,30,49,63,1.87,3.33,2.04,3.82,36,25,40,4,4,3,3,0,0,0,0,0
"SCOTT.LAUGHTON","F","20182019","PHI",47,514.4,5,7,2,14,45,71,89,6.01,11.11,7.04,8.46,12,69,33,19,10,9,7,1,1,156,102,54
"SCOTT.MAYFIELD","D","20182019","NYI",44,703.23,2,4,7,13,59,90,145,2.27,3.39,2.22,2.52,61,61,47,27,6,11,8,2,2,0,0,0
"SEAN.COUTURIER","F","20182019","PHI",45,683.35,11,6,5,22,84,115,145,8.78,13.1,9.57,7.63,24,24,53,22,16,5,12,0,0,286,229,57
"SEAN.KURALY","F","20182019","BOS",47,556.32,4,5,3,12,80,97,117,5.27,5,4.12,5.43,18,101,62,21,19,8,3,2,1,164,141,23
"SEAN.MONAHAN","F","20182019","CGY",48,752.87,13,15,8,36,108,139,175,13.29,12.04,9.35,9.56,10,21,30,36,50,3,10,0,0,229,231,-2
"SEAN.WALKER","D","20182019","L.A",18,261.32,1,2,0,3,27,38,57,1.13,3.7,2.63,2.97,18,18,22,6,3,1,2,0,0,0,0,0
"SEBASTIAN.AHO","F","20182019","CAR",46,681.7,12,9,5,26,94,152,190,12.41,12.77,7.89,8.16,19,34,57,33,40,3,14,0,0,249,252,-3
"SETH.JONES","D","20182019","CBJ",39,783,6,3,9,18,80,123,162,3.72,7.5,4.88,3.02,57,34,53,24,21,5,3,0,0,0,0,0
"SHAYNE.GOSTISBEHERE","D","20182019","PHI",47,757.3,3,2,5,10,62,92,133,2.85,4.84,3.26,3.1,65,28,28,25,7,2,6,0,0,0,0,0
"SHEA.THEODORE","D","20182019","VGK",48,815.38,4,8,4,16,91,130,198,3.63,4.4,3.08,2.79,38,14,54,25,41,6,6,0,0,1,0,1
"SHEA.WEBER","D","20182019","MTL",24,428.67,5,3,3,11,44,70,105,1.58,11.36,7.14,2.26,24,57,15,14,2,8,2,0,0,0,0,0
"SHELDON.DRIES","F","20182019","COL",26,224.58,2,2,0,4,33,42,51,2.78,6.06,4.76,6.62,11,43,15,5,4,6,2,0,0,19,28,-9
"SHELDON.REMPAL","F","20182019","L.A",7,59.18,0,0,0,0,3,6,6,0.21,0,0,3.5,1,0,5,4,0,0,3,0,0,0,0,0
"SIDNEY.CROSBY","F","20182019","PIT",43,695.6,14,17,6,37,103,133,156,12.31,13.59,10.53,9.26,19,46,42,20,21,6,8,0,0,406,332,74
"SLATER.KOEKKOEK","D","20182019","T.B",9,125.82,1,0,0,1,15,19,25,0.54,6.67,5.26,2.84,12,8,15,1,1,2,2,0,0,0,0,0
"SONNY.MILANO","F","20182019","CBJ",8,64.92,1,0,0,1,5,7,8,0.5,20,14.29,7.14,0,5,8,1,0,0,3,0,0,0,0,0
"STEFAN.NOESEN","F","20182019","N.J",27,288.43,1,2,2,5,27,40,48,3.41,3.7,2.5,8.53,15,54,32,5,11,10,6,0,0,13,22,-9
"STEVEN.FOGARTY","F","20182019","NYR",10,77.6,0,0,0,0,9,10,11,0.34,0,0,3.4,3,6,6,3,4,0,0,0,0,8,19,-11
"STEVEN.KAMPFER","D","20182019","BOS",25,326.32,2,0,0,2,19,36,50,0.79,10.53,5.56,2.19,24,33,54,4,8,8,2,0,0,0,0,0
"STEVEN.SANTINI","D","20182019","N.J",13,189.83,0,0,1,1,17,26,30,0.72,0,0,2.77,8,25,11,3,2,3,0,0,0,0,0,0
"STEVEN.STAMKOS","F","20182019","T.B",48,647.67,13,10,5,28,86,116,153,6.95,15.12,11.21,5.99,18,48,47,28,15,7,11,0,0,212,178,34
"SVEN.ANDRIGHETTO","F","20182019","COL",29,288.07,3,2,0,5,40,54,79,2.78,7.5,5.56,5.15,17,14,10,8,12,1,3,0,0,1,5,-4
"SVEN.BAERTSCHI","F","20182019","VAN",18,221.07,3,1,0,4,21,30,33,2.41,14.29,10,8.03,7,13,20,5,6,1,2,0,0,0,2,-2
"TAGE.THOMPSON","F","20182019","BUF",40,460.03,5,4,0,9,63,91,117,4.14,7.94,5.49,4.55,7,40,30,21,15,4,2,0,0,7,7,0
"TANNER.PEARSON","F","20182019","L.A",17,195.32,0,1,0,1,22,34,44,1.4,0,0,4.12,3,18,17,7,2,5,5,0,0,1,4,-3
"TANNER.PEARSON","F","20182019","PIT",30,384.87,7,2,1,10,59,68,88,6.03,11.86,10.29,8.87,22,56,50,7,8,2,1,0,0,1,4,-3
"TAYLOR.FEDUN","D","20182019","DAL",25,314.47,2,0,1,3,36,41,67,1.21,5.56,4.88,2.95,25,10,18,17,7,3,3,0,0,0,0,0
"TAYLOR.HALL","F","20182019","N.J",33,506.92,7,11,3,21,86,115,150,8.32,8.14,6.09,7.23,27,20,40,25,30,7,4,0,0,21,28,-7
"TEUVO.TERAVAINEN","F","20182019","CAR",46,645.77,4,9,8,21,69,104,126,7.4,5.8,3.85,7.12,15,15,25,28,28,1,2,0,0,4,9,-5
"THOMAS.CHABOT","D","20182019","OTT",39,763.17,8,7,11,26,84,113,166,3.62,9.52,7.08,3.2,60,43,58,27,15,7,7,0,0,0,0,0
"THOMAS.HICKEY","D","20182019","NYI",32,520.73,0,2,0,2,36,53,86,1.4,0,0,2.64,35,31,63,19,7,9,5,0,0,0,0,0
"THOMAS.VANEK","F","20182019","DET",40,443.87,6,4,4,14,41,65,85,3.93,14.63,9.23,6.05,6,23,10,19,8,7,0,0,0,5,9,-4
"TIM.HEED","D","20182019","S.J",10,116.05,0,1,0,1,9,12,19,0.26,0,0,2.17,8,2,11,5,4,2,0,0,0,0,0,0
"TIMO.MEIER","F","20182019","S.J",46,657.17,14,8,7,29,119,176,220,12.68,11.76,7.95,7.2,28,49,62,25,31,12,10,1,1,3,13,-10
"TIM.SCHALLER","F","20182019","VAN",33,308.37,0,4,1,5,30,37,47,3.13,0,0,8.46,7,50,28,6,6,0,4,1,1,1,0,1
"TJ.BRODIE","D","20182019","CGY",48,905.98,4,8,6,18,61,86,129,3.97,6.56,4.65,4.62,43,10,54,46,37,6,6,0,0,0,0,0
"T.J..OSHIE","F","20182019","WSH",35,486.45,8,3,2,13,58,87,104,6.23,13.79,9.2,7.16,28,62,40,20,15,7,8,0,0,10,15,-5
"TOBIAS.RIEDER","F","20182019","EDM",34,372.92,0,5,2,7,51,64,84,4.13,0,0,6.45,18,34,46,5,16,3,4,0,0,2,6,-4
"TOMAS.HERTL","F","20182019","S.J",44,601.55,8,12,5,25,71,93,126,8.2,11.27,8.6,8.82,25,23,61,18,15,1,8,0,0,239,216,23
"TOMAS.HYKA","F","20182019","VGK",17,163.62,1,0,1,2,16,25,37,1.72,6.25,4,6.88,5,6,14,4,9,2,2,0,0,1,1,0
"TOMAS.NOSEK","F","20182019","VGK",44,447.45,6,4,1,11,66,89,118,7.22,9.09,6.74,8.11,10,37,73,7,16,6,8,0,0,49,24,25
"TOMAS.TATAR","F","20182019","MTL",48,639.15,10,11,5,26,85,115,154,8.05,11.76,8.7,7,18,46,53,15,24,8,5,0,0,8,21,-13
"TOM.KUHNHACKL","F","20182019","NYI",19,215.72,3,0,1,4,15,19,26,1.29,20,15.79,6.79,16,29,21,9,5,3,2,0,0,0,1,-1
"TOM.PYATT","F","20182019","OTT",37,362.12,0,1,1,2,27,39,50,2.49,0,0,6.38,38,15,58,8,4,0,3,0,0,45,66,-21
"TOM.WILSON","F","20182019","WSH",27,370.6,9,4,2,15,45,69,82,5.28,20,13.04,7.65,15,64,36,14,17,8,7,4,4,9,8,1
"TONY.DEANGELO","D","20182019","NYR",30,494.07,4,4,2,10,54,64,88,1.85,7.41,6.25,2.89,39,26,40,32,6,8,9,1,1,0,0,0
"TOREY.KRUG","D","20182019","BOS",37,634.67,4,6,2,12,60,98,134,2.37,6.67,4.08,2.42,32,30,46,19,16,3,6,1,1,0,0,0
"TRAVIS.BOYD","F","20182019","WSH",27,250.48,4,5,2,11,18,29,37,1.98,22.22,13.79,6.83,12,8,39,8,3,2,1,0,0,51,75,-24
"TRAVIS.DERMOTT","D","20182019","TOR",43,680.07,2,4,7,13,64,94,144,2.48,3.12,2.13,2.64,27,66,73,30,16,4,8,0,0,0,0,0
"TRAVIS.HAMONIC","D","20182019","CGY",38,661.02,2,3,3,8,65,98,144,2.61,3.08,2.04,2.66,52,25,68,26,17,5,4,0,0,0,0,0
"TRAVIS.KONECNY","F","20182019","PHI",47,627.17,9,8,4,21,100,137,159,8.56,9,6.57,6.25,25,36,67,21,18,9,12,1,1,5,7,-2
"TRAVIS.SANHEIM","D","20182019","PHI",47,753.42,3,6,3,12,59,82,131,2.67,5.08,3.66,3.26,53,21,68,26,9,4,6,0,0,0,0,0
"TRAVIS.ZAJAC","F","20182019","N.J",46,619.5,8,3,7,18,56,71,83,6.46,14.29,11.27,9.1,17,36,35,10,26,2,6,0,0,363,264,99
"TREVOR.DALEY","D","20182019","DET",31,478.8,1,1,1,3,34,46,60,2.09,2.94,2.17,4.54,32,8,20,18,7,5,2,0,0,0,0,0
"TREVOR.LEWIS","F","20182019","L.A",17,198.12,2,0,1,3,33,42,52,2.39,6.06,4.76,5.69,6,21,16,5,5,0,2,0,0,8,4,4
"TREVOR.VAN RIEMSDYK","D","20182019","CAR",42,582.8,2,3,4,9,49,70,98,2.38,4.08,2.86,3.4,41,17,41,17,14,1,2,0,0,0,0,0
"TROY.BROUWER","F","20182019","FLA",43,444.65,6,2,1,9,43,59,71,3.65,13.95,10.17,6.19,18,85,38,23,10,8,8,1,2,12,20,-8
"TROY.STECHER","D","20182019","VAN",44,687.78,1,7,6,14,47,63,111,1.76,2.13,1.59,2.79,30,41,95,9,18,8,13,0,0,0,0,0
"TROY.TERRY","F","20182019","ANA",7,89.87,0,0,0,0,4,5,7,0.52,0,0,10.4,3,2,4,0,4,0,0,0,0,0,0,0
"TYLER.BERTUZZI","F","20182019","DET",46,632.28,11,6,5,22,62,91,120,6.82,17.74,12.09,7.49,24,50,67,28,21,10,5,2,2,9,14,-5
"TYLER.BOZAK","F","20182019","STL",39,459.42,4,3,6,13,50,63,78,4.83,8,6.35,7.67,10,36,23,8,14,5,2,0,0,215,179,36
"TYLER.ENNIS","F","20182019","TOR",33,272.95,7,1,1,9,35,47,55,5.07,20,14.89,10.79,8,24,38,9,14,1,4,0,0,0,0,0
"TYLER.JOHNSON","F","20182019","T.B",47,632.22,13,4,5,22,80,109,134,7.76,16.25,11.93,7.12,18,24,37,12,7,8,8,0,0,137,143,-6
"TYLER.MOTTE","F","20182019","VAN",46,498.38,3,3,3,9,52,76,102,4.86,5.77,3.95,6.39,22,115,44,6,16,2,7,0,0,7,10,-3
"TYLER.MYERS","D","20182019","WPG",45,726.9,4,1,2,7,79,116,165,3.86,5.06,3.45,3.33,41,38,37,26,18,11,2,1,1,0,0,0
"TYLER.PITLICK","F","20182019","DAL",43,510.95,5,3,1,9,62,80,101,4.78,8.06,6.25,5.98,24,84,51,14,10,1,5,0,0,3,6,-3
"TYLER.SEGUIN","F","20182019","DAL",48,768.15,12,12,4,28,119,164,210,11.79,10.08,7.32,7.19,27,42,10,28,21,4,3,0,0,303,260,43
"TYLER.TOFFOLI","F","20182019","L.A",48,651.25,5,7,2,14,115,148,195,10.55,4.35,3.38,7.13,12,23,27,13,22,1,2,0,0,12,6,6
"TY.RATTIE","F","20182019","EDM",29,313.05,2,4,1,7,39,49,58,3.86,5.13,4.08,7.88,3,36,35,9,18,3,5,0,0,1,2,-1
"TYSON.BARRIE","D","20182019","COL",43,728.8,4,7,4,15,82,107,159,3.26,4.88,3.74,3.05,38,22,40,24,11,7,6,0,0,0,0,0
"TYSON.JOST","F","20182019","COL",43,458.95,2,1,7,10,44,61,87,4.25,4.55,3.28,6.97,19,26,69,3,9,4,7,0,0,26,55,-29
"VALENTIN.ZYKOV","F","20182019","CAR",13,93.65,0,0,1,1,8,11,17,0.68,0,0,6.18,2,5,8,5,5,0,2,0,0,2,5,-3
"VALERI.NICHUSHKIN","F","20182019","DAL",37,432.52,0,2,5,7,51,62,79,4.08,0,0,6.58,23,39,36,19,21,0,7,0,0,3,3,0
"VALTTERI.FILPPULA","F","20182019","NYI",44,497.63,8,6,3,17,35,48,63,3.77,22.86,16.67,7.85,20,6,30,12,16,4,7,0,0,224,194,30
"VICTOR.HEDMAN","D","20182019","T.B",41,680.08,5,2,7,14,72,112,153,4.65,6.94,4.46,4.15,49,26,41,25,18,11,4,0,0,0,0,0
"VICTOR.METE","D","20182019","MTL",37,577.42,0,1,5,6,33,47,78,2.52,0,0,5.36,48,6,53,22,2,2,2,0,0,0,0,0
"VICTOR.RASK","F","20182019","CAR",26,260.7,1,3,0,4,18,29,38,1.73,5.56,3.45,5.97,7,24,26,9,8,2,2,0,0,104,124,-20
"VIKTOR.ARVIDSSON","F","20182019","NSH",25,358.27,14,2,5,21,73,97,121,6.57,19.18,14.43,6.77,4,6,30,13,19,7,10,0,0,2,5,-3
"VINCE.DUNN","D","20182019","STL",42,605.8,2,6,6,14,51,68,115,2.1,3.92,2.94,3.09,33,18,46,28,9,6,5,1,1,0,0,0
"VINCENT.TROCHECK","F","20182019","FLA",18,244.12,2,2,1,5,31,51,64,2.5,6.45,3.92,4.9,9,33,18,13,15,8,6,0,0,134,117,17
"VINNIE.HINOSTROZA","F","20182019","ARI",36,471.07,2,5,3,10,53,70,101,5.61,3.77,2.86,8.01,22,27,33,11,11,3,5,0,0,12,33,-21
"VINNI.LETTIERI","F","20182019","NYR",16,136.22,0,0,0,0,18,26,32,2.02,0,0,7.77,8,16,15,7,4,3,2,0,0,6,3,3
"VLADIMIR.SOBOTKA","F","20182019","BUF",44,550.23,2,3,2,7,43,59,78,3.1,4.65,3.39,5.25,12,46,55,3,7,5,6,0,0,194,172,22
"VLADIMIR.TARASENKO","F","20182019","STL",45,657.62,7,5,3,15,110,142,200,10.43,6.36,4.93,7.35,18,49,39,14,16,4,7,0,0,3,2,1
"VLADISLAV.KAMENEV","F","20182019","COL",23,168.65,0,1,2,3,15,21,31,1.14,0,0,5.43,3,20,18,5,2,4,0,0,0,50,51,-1
"VLADISLAV.NAMESTNIKOV","F","20182019","NYR",43,522.05,3,3,4,10,46,60,82,5.75,6.52,5,9.58,23,59,70,19,15,7,6,0,0,9,18,-9
"WADE.MEGAN","F","20182019","DET",11,84.65,0,1,0,1,16,18,22,1.22,0,0,6.78,4,4,10,3,2,1,2,0,0,28,23,5
"WARREN.FOEGELE","F","20182019","CAR",46,532.5,5,2,1,8,64,95,123,9.11,7.81,5.26,9.59,11,80,72,17,20,4,18,0,0,8,7,1
"WAYNE.SIMMONDS","F","20182019","PHI",47,607.32,9,3,0,12,73,102,126,8.81,12.33,8.82,8.64,11,83,44,16,13,15,8,1,1,3,8,-5
"WILL.BUTCHER","D","20182019","N.J",46,696.48,2,0,2,4,51,71,91,2.17,3.92,2.82,3.06,36,19,38,12,8,2,0,0,0,0,0,0
"WILLIAM.CARRIER","F","20182019","VGK",44,429.1,8,1,0,9,75,95,117,9.58,10.67,8.42,10.08,12,217,79,8,24,8,7,0,0,0,0,0
"WILLIAM.KARLSSON","F","20182019","VGK",49,719.53,9,2,8,19,76,114,146,9.4,11.84,7.89,8.25,29,22,53,20,37,2,7,0,0,251,316,-65
"WILLIAM.NYLANDER","F","20182019","TOR",18,235.82,1,1,1,3,29,49,66,3.6,3.45,2.04,7.35,5,5,20,5,8,7,4,0,0,51,49,2
"XAVIER.OUELLET","D","20182019","MTL",19,294.78,0,1,2,3,32,50,69,1.27,0,0,2.54,23,32,15,9,5,1,2,1,0,0,0,0
"YANNICK.WEBER","D","20182019","NSH",39,467.85,2,3,2,7,43,54,80,1.26,4.65,3.7,2.33,19,35,42,7,5,6,1,0,0,0,0,0
"YANNI.GOURDE","F","20182019","T.B",48,616.92,7,10,5,22,69,92,116,7.32,10.14,7.61,7.96,12,47,68,19,21,8,13,0,0,84,66,18
"ZACH.ASTON-REESE","F","20182019","PIT",30,335.28,4,1,4,9,47,65,79,4,8.51,6.15,6.15,22,96,47,4,10,3,2,1,1,6,4,2
"ZACH.BOGOSIAN","D","20182019","BUF",42,767.2,2,1,4,7,56,79,113,1.99,3.57,2.53,2.52,60,44,24,27,8,9,0,4,4,0,0,0
"ZACH.HYMAN","F","20182019","TOR",36,501.95,3,3,6,12,62,82,97,7.67,4.84,3.66,9.35,14,58,77,12,8,14,10,1,1,20,26,-6
"ZACH.PARISE","F","20182019","MIN",46,632.77,11,5,10,26,100,127,154,9.48,11,8.66,7.46,36,24,34,10,9,5,11,0,0,2,5,-3
"ZACH.SANFORD","F","20182019","STL",30,352.23,5,3,2,10,39,57,64,3.58,12.82,8.77,6.28,17,24,31,6,14,5,3,0,0,5,5,0
"ZACH.WERENSKI","D","20182019","CBJ",46,822.6,8,6,4,18,77,113,147,3.65,10.39,7.08,3.23,47,35,38,21,13,5,5,0,0,0,0,0
"ZACK.KASSIAN","F","20182019","EDM",44,501.62,4,4,0,8,51,59,73,5.84,7.84,6.78,9.9,4,114,37,22,16,8,4,2,2,0,4,-4
"ZACK.SMITH","F","20182019","OTT",38,531.18,4,6,3,13,50,68,88,3.99,8,5.88,5.87,17,67,56,25,17,10,4,2,2,233,223,10
"ZAC.RINALDO","F","20182019","NSH",23,162.67,1,2,0,3,11,20,24,0.77,9.09,5,3.85,8,47,20,2,4,5,3,1,2,1,4,-3
"ZDENO.CHARA","D","20182019","BOS",29,506.7,2,0,2,4,38,53,84,1.2,5.26,3.77,2.26,36,29,27,17,13,8,2,1,1,0,0,0
"ZEMGUS.GIRGENSONS","F","20182019","BUF",40,430.42,3,2,3,8,38,59,68,3.94,7.89,5.08,6.68,10,70,51,3,10,1,4,1,1,7,10,-3
